,YEAR,ALARM_DATE,GIS_ACRES,CAUSE,MONTH,DAY,MONTH_NAME
1088,2004,2004-01-01 00:00:00,512.9036,18 - Escaped Prescribed Burn,1,001,Jan
1816,2014,2014-01-02 00:00:00,864.9468,4 - Campfire,1,002,Jan
1797,2014,2014-01-04 00:00:00,332.1736,5 - Debris,1,004,Jan
1215,2007,2007-01-07 00:00:00,208.7144,14 - Unknown / Unidentified,1,007,Jan
1434,2009,2009-01-08 00:00:00,1833.164,1 - Lightning,1,008,Jan
1826,2014,2014-01-13 00:00:00,1423.232,9 - Miscellaneous,1,013,Jan
1810,2014,2014-01-16 00:00:00,1951.893,4 - Campfire,1,016,Jan
580,1924,1924-01-19 00:00:00,330.4997,14 - Unknown / Unidentified,1,019,Jan
1839,2014,2014-01-22 00:00:00,104.1804,10 - Vehicle,1,022,Jan
957,1976,1976-01-22 00:00:00,650.4243,14 - Unknown / Unidentified,1,022,Jan
910,1961,1961-01-23 00:00:00,131.1655,5 - Debris,1,023,Jan
1156,2006,2006-01-23 00:00:00,477.1114,4 - Campfire,1,023,Jan
1796,2014,2014-01-25 00:00:00,102.4423,14 - Unknown / Unidentified,1,025,Jan
1413,2009,2009-02-05 00:00:00,943.448,18 - Escaped Prescribed Burn,2,036,Feb
1881,2015,2015-02-06 00:00:00,512.4335,14 - Unknown / Unidentified,2,037,Feb
1243,2007,2007-02-17 00:00:00,168.8155,1 - Lightning,2,048,Feb
959,1977,1977-02-18 00:00:00,631.8166,4 - Campfire,2,049,Feb
1668,2012,2012-02-23 00:00:00,196.7218,18 - Escaped Prescribed Burn,2,054,Feb
1172,2006,2006-02-24 00:00:00,3023.023,5 - Debris,2,055,Feb
1729,2013,2013-02-24 00:00:00,406.8415,14 - Unknown / Unidentified,2,055,Feb
1763,2013,2013-02-28 00:00:00,362.2378,14 - Unknown / Unidentified,2,059,Feb
1525,2011,2011-03-02 00:00:00,908.4495,18 - Escaped Prescribed Burn,3,061,Mar
1813,2014,2014-03-08 00:00:00,270.0748,9 - Miscellaneous,3,067,Mar
1214,2007,2007-03-11 00:00:00,1618.079,7 - Arson,3,070,Mar
1848,2014,2014-03-15 00:00:00,117.0455,10 - Vehicle,3,074,Mar
1286,2008,2008-03-16 00:00:00,766.731,4 - Campfire,3,076,Mar
1522,2011,2011-03-18 00:00:00,440.6908,14 - Unknown / Unidentified,3,077,Mar
1000,1988,1988-03-17 00:00:00,107.6713,18 - Escaped Prescribed Burn,3,077,Mar
1808,2014,2014-03-19 00:00:00,190.4012,18 - Escaped Prescribed Burn,3,078,Mar
545,1923,1923-03-22 00:00:00,510.3205,14 - Unknown / Unidentified,3,081,Mar
931,1970,1970-03-26 00:00:00,106.4297,5 - Debris,3,085,Mar
1211,2007,2007-03-30 00:00:00,224.3276,8 - Playing with fire,3,089,Mar
1241,2007,2007-03-31 00:00:00,4099.966,1 - Lightning,3,090,Mar
1733,2013,2013-04-01 00:00:00,261.724,1 - Lightning,4,091,Apr
74,2017,2017-04-01 00:00:00,401.2877,5 - Debris,4,091,Apr
934,1971,1971-04-02 00:00:00,112.1967,7 - Arson,4,092,Apr
1867,2015,2015-04-02 00:00:00,111.9445,5 - Debris,4,092,Apr
917,1966,1966-04-03 00:00:00,200.0067,5 - Debris,4,093,Apr
846,1952,1952-04-05 00:00:00,618.1539,5 - Debris,4,096,Apr
821,1947,1947-04-15 00:00:00,192.3726,14 - Unknown / Unidentified,4,105,Apr
1871,2015,2015-04-18 00:00:00,1048.689,4 - Campfire,4,108,Apr
1793,2014,2014-04-19 00:00:00,113.4199,14 - Unknown / Unidentified,4,109,Apr
90,2017,2017-04-20 00:00:00,4533.284,2 - Equipment Use,4,110,Apr
1964,2016,2016-04-19 00:00:00,105.8172,14 - Unknown / Unidentified,4,110,Apr
1446,2009,2009-04-22 00:00:00,284.4517,1 - Lightning,4,112,Apr
1356,2008,2008-04-26 00:00:00,556.6846,14 - Unknown / Unidentified,4,117,Apr
1239,2007,2007-04-29 00:00:00,1348.932,9 - Miscellaneous,4,119,Apr
88,2017,2017-04-29 00:00:00,160.164,9 - Miscellaneous,4,119,Apr
1750,2013,2013-04-30 00:00:00,183.6424,14 - Unknown / Unidentified,4,120,Apr
1792,2014,2014-04-30 08:00:00,2141.841,9 - Miscellaneous,4,120,Apr
30,2017,2017-04-30 00:00:00,999.6262,14 - Unknown / Unidentified,4,120,Apr
1258,2007,2007-05-01 00:00:00,728.8432,5 - Debris,5,121,May
1785,2013,2013-05-01 00:00:00,208.3874,5 - Debris,5,121,May
916,1966,1966-05-01 00:00:00,176.872,3 - Smoking,5,121,May
572,1924,1924-04-30 00:00:00,182.3067,14 - Unknown / Unidentified,4,121,Apr
1767,2013,2013-05-01 00:00:00,3166.079,14 - Unknown / Unidentified,5,121,May
1610,2011,2011-05-02 00:00:00,187.7928,2 - Equipment Use,5,122,May
1572,2011,2011-05-02 00:00:00,117.999,2 - Equipment Use,5,122,May
16,2017,2017-05-02 00:00:00,117.0671,10 - Vehicle,5,122,May
1758,2013,2013-05-03 00:00:00,164.2063,14 - Unknown / Unidentified,5,123,May
1749,2013,2013-05-03 00:00:00,187.4242,5 - Debris,5,123,May
1731,2013,2013-05-03 00:00:00,353.4941,2 - Equipment Use,5,123,May
1724,2013,2013-05-04 00:00:00,510.2238,14 - Unknown / Unidentified,5,124,May
1450,2009,2009-05-05 00:00:00,8733.996,2 - Equipment Use,5,125,May
1544,2011,2011-05-06 00:00:00,114.5797,2 - Equipment Use,5,126,May
1362,2008,2008-05-06 00:00:00,1390.236,1 - Lightning,5,127,May
1648,2012,2012-05-06 00:00:00,322.5931,9 - Miscellaneous,5,127,May
1245,2007,2007-05-08 00:00:00,960.7297,9 - Miscellaneous,5,128,May
1210,2007,2007-05-08 00:00:00,747.8984,3 - Smoking,5,128,May
996,1987,1987-05-08 00:00:00,4929.293,1 - Lightning,5,128,May
1790,2013,2013-05-09 00:00:00,198.145,1 - Lightning,5,129,May
1663,2012,2012-05-08 00:00:00,126.4701,14 - Unknown / Unidentified,5,129,May
1206,2007,2007-05-09 00:00:00,567.4566,9 - Miscellaneous,5,129,May
1055,2001,2001-05-10 00:00:00,400.9642,5 - Debris,5,130,May
1959,2016,2016-05-10 00:00:00,161.3491,14 - Unknown / Unidentified,5,131,May
1509,2010,2010-05-12 00:00:00,717.2241,2 - Equipment Use,5,132,May
50,2017,2017-05-12 00:00:00,1730.466,14 - Unknown / Unidentified,5,132,May
1456,2009,2009-05-13 00:00:00,764.4717,5 - Debris,5,133,May
1849,2014,2014-05-13 00:00:00,1331.426,2 - Equipment Use,5,133,May
1807,2014,2014-05-13 00:00:00,631.8137,11 - Powerline,5,133,May
1594,2011,2011-05-14 00:00:00,240.4373,9 - Miscellaneous,5,134,May
1850,2014,2014-05-14 00:00:00,376.9402,14 - Unknown / Unidentified,5,134,May
1847,2014,2014-05-14 00:00:00,1994.787,14 - Unknown / Unidentified,5,134,May
1845,2014,2014-05-14 00:00:00,441.0284,14 - Unknown / Unidentified,5,134,May
1355,2008,2008-05-13 00:00:00,500.3037,14 - Unknown / Unidentified,5,134,May
15,2017,2017-05-15 00:00:00,253.9364,9 - Miscellaneous,5,135,May
932,1970,1970-05-15 00:00:00,707.5339,14 - Unknown / Unidentified,5,135,May
1493,2010,2010-05-15 00:00:00,2037.966,2 - Equipment Use,5,135,May
1494,2010,2010-05-15 00:00:00,947.4343,2 - Equipment Use,5,135,May
1503,2010,2010-05-15 00:00:00,330.066,9 - Miscellaneous,5,135,May
1297,2008,2008-05-15 00:00:00,289.5545,5 - Debris,5,136,May
933,1970,1970-05-17 00:00:00,115.7687,14 - Unknown / Unidentified,5,137,May
1741,2013,2013-05-17 00:00:00,659.6399,3 - Smoking,5,137,May
1533,2011,2011-05-18 00:00:00,730.8424,14 - Unknown / Unidentified,5,138,May
92,2017,2017-05-18 00:00:00,11146.75,2 - Equipment Use,5,138,May
28,2018,2018-05-20 00:00:00,189.5374,11 - Powerline,5,140,May
69,2017,2017-05-20 00:00:00,449.7781,14 - Unknown / Unidentified,5,140,May
42,2017,2017-05-20 00:00:00,1912.906,9 - Miscellaneous,5,140,May
943,1973,1973-05-20 00:00:00,251.9742,4 - Campfire,5,140,May
1036,1997,1997-05-21 00:00:00,470.6738,5 - Debris,5,141,May
1535,2011,2011-05-21 00:00:00,217.4034,9 - Miscellaneous,5,141,May
1529,2011,2011-05-21 00:00:00,104.6856,9 - Miscellaneous,5,141,May
1754,2013,2013-05-22 00:00:00,325.2898,14 - Unknown / Unidentified,5,142,May
1336,2008,2008-05-21 00:00:00,4174.505,5 - Debris,5,142,May
1543,2011,2011-05-22 00:00:00,209.7798,2 - Equipment Use,5,142,May
1756,2013,2013-05-23 00:00:00,2780.291,18 - Escaped Prescribed Burn,5,143,May
1452,2009,2009-05-24 00:00:00,423.2517,5 - Debris,5,144,May
1440,2009,2009-05-24 00:00:00,106.1154,14 - Unknown / Unidentified,5,144,May
2001,2016,2016-05-23 00:00:00,155.913,2 - Equipment Use,5,144,May
1484,2009,2009-05-24 00:00:00,450.7557,14 - Unknown / Unidentified,5,144,May
1547,2011,2011-05-25 00:00:00,206.3687,4 - Campfire,5,145,May
1262,2007,2007-05-25 00:00:00,193.511,9 - Miscellaneous,5,145,May
29,2017,2017-05-25 00:00:00,193.6728,14 - Unknown / Unidentified,5,145,May
1766,2013,2013-05-25 00:00:00,126.6421,9 - Miscellaneous,5,145,May
1129,2006,2006-05-26 00:00:00,779.9976,2 - Equipment Use,5,146,May
1804,2014,2014-05-26 00:00:00,690.982,14 - Unknown / Unidentified,5,146,May
1428,2009,2009-05-26 00:00:00,168.5915,2 - Equipment Use,5,146,May
1757,2013,2013-05-26 00:00:00,1270.866,9 - Miscellaneous,5,146,May
1747,2013,2013-05-27 00:00:00,1912.05,4 - Campfire,5,147,May
1615,2011,2011-05-27 00:00:00,1121.373,9 - Miscellaneous,5,147,May
1476,2009,2009-05-28 00:00:00,294.5972,1 - Lightning,5,148,May
1576,2011,2011-05-28 00:00:00,241.0146,10 - Vehicle,5,148,May
1693,2012,2012-05-27 00:00:00,256.1035,14 - Unknown / Unidentified,5,148,May
1743,2013,2013-05-28 00:00:00,145.1069,2 - Equipment Use,5,148,May
1527,2011,2011-05-29 00:00:00,384.795,11 - Powerline,5,149,May
1530,2011,2011-05-29 00:00:00,138.5002,9 - Miscellaneous,5,149,May
1103,2006,2006-05-29 00:00:00,932.2057,9 - Miscellaneous,5,149,May
1479,2009,2009-05-30 00:00:00,3039.926,1 - Lightning,5,150,May
1784,2013,2013-05-30 00:00:00,236.6837,2 - Equipment Use,5,150,May
1721,2013,2013-05-30 00:00:00,30267.69,9 - Miscellaneous,5,150,May
1974,2016,2016-05-30 00:00:00,229.7579,9 - Miscellaneous,5,151,May
1426,2009,2009-05-31 00:00:00,353.0028,10 - Vehicle,5,151,May
1524,2011,2011-06-01 00:00:00,143.4112,14 - Unknown / Unidentified,6,152,Jun
1744,2013,2013-06-01 00:00:00,489.5211,9 - Miscellaneous,6,152,Jun
1222,2007,2007-06-01 00:00:00,1075.999,1 - Lightning,6,152,Jun
1208,2007,2007-06-01 00:00:00,517.5629,1 - Lightning,6,152,Jun
1708,2012,2012-06-01 00:00:00,1707.585,7 - Arson,6,153,Jun
1917,2015,2015-06-02 00:00:00,129.2855,14 - Unknown / Unidentified,6,153,Jun
1344,2008,2008-06-01 00:00:00,292.4784,9 - Miscellaneous,6,153,Jun
1971,2016,2016-06-01 00:00:00,1323.627,14 - Unknown / Unidentified,6,153,Jun
1538,2011,2011-06-02 00:00:00,102.8208,9 - Miscellaneous,6,153,Jun
1786,2013,2013-06-03 00:00:00,100.1428,8 - Playing with fire,6,154,Jun
1236,2007,2007-06-03 00:00:00,4196.017,9 - Miscellaneous,6,154,Jun
1408,2009,2009-06-03 00:00:00,166.3999,1 - Lightning,6,154,Jun
1130,2006,2006-06-04 00:00:00,1090.188,9 - Miscellaneous,6,155,Jun
1289,2008,2008-06-03 00:00:00,146.2468,14 - Unknown / Unidentified,6,155,Jun
1588,2011,2011-06-05 00:00:00,185.4253,9 - Miscellaneous,6,156,Jun
2007,2016,2016-06-04 00:00:00,2522.639,5 - Debris,6,156,Jun
1244,2007,2007-06-05 00:00:00,698.972,4 - Campfire,6,156,Jun
1965,2016,2016-06-04 00:00:00,465.7808,2 - Equipment Use,6,156,Jun
1515,2011,2011-06-05 00:00:00,151.0212,14 - Unknown / Unidentified,6,156,Jun
1857,2015,2015-06-05 00:00:00,410.6794,14 - Unknown / Unidentified,6,156,Jun
1725,2013,2013-06-06 00:00:00,3779.732,4 - Campfire,6,157,Jun
1977,2016,2016-06-05 00:00:00,139.9618,14 - Unknown / Unidentified,6,157,Jun
1299,2008,2008-06-05 00:00:00,319.5645,2 - Equipment Use,6,157,Jun
0,2017,2017-06-07 00:00:00,340.5638,2 - Equipment Use,6,158,Jun
72,2017,2017-06-08 00:00:00,105.0879,14 - Unknown / Unidentified,6,159,Jun
1288,2008,2008-06-07 00:00:00,356.7205,9 - Miscellaneous,6,159,Jun
1480,2009,2009-06-08 00:00:00,1653.488,1 - Lightning,6,159,Jun
2013,2016,2016-06-07 00:00:00,2857.175,1 - Lightning,6,159,Jun
1120,2006,2006-06-09 00:00:00,363.407,1 - Lightning,6,160,Jun
1521,2011,2011-06-09 00:00:00,294.4362,14 - Unknown / Unidentified,6,160,Jun
1934,2015,2015-06-09 00:00:00,1542.967,1 - Lightning,6,160,Jun
1661,2012,2012-06-08 00:00:00,488.7408,2 - Equipment Use,6,160,Jun
1225,2007,2007-06-10 00:00:00,213.1162,14 - Unknown / Unidentified,6,161,Jun
1752,2013,2013-06-10 00:00:00,225.7149,1 - Lightning,6,161,Jun
1803,2014,2014-06-10 00:00:00,111.3319,5 - Debris,6,161,Jun
46,2017,2017-06-10 00:00:00,1428.533,9 - Miscellaneous,6,161,Jun
842,1951,1951-06-10 00:00:00,329.9185,4 - Campfire,6,161,Jun
1298,2008,2008-06-10 00:00:00,815.3442,14 - Unknown / Unidentified,6,162,Jun
1639,2012,2012-06-10 00:00:00,118.7185,4 - Campfire,6,162,Jun
980,1986,1986-06-11 00:00:00,2040.238,1 - Lightning,6,162,Jun
1345,2008,2008-06-10 00:00:00,958.4999,2 - Equipment Use,6,162,Jun
1337,2008,2008-06-10 00:00:00,1334.334,7 - Arson,6,162,Jun
424,1918,1918-06-12 00:00:00,1747.707,1 - Lightning,6,163,Jun
1292,2008,2008-06-11 00:00:00,482.7904,4 - Campfire,6,163,Jun
1637,2012,2012-06-11 00:00:00,130.0695,14 - Unknown / Unidentified,6,163,Jun
1346,2008,2008-06-11 00:00:00,23344.33,7 - Arson,6,163,Jun
1149,2006,2006-06-12 00:00:00,148.2894,9 - Miscellaneous,6,163,Jun
1375,2008,2008-06-12 00:00:00,7783.408,9 - Miscellaneous,6,164,Jun
1991,2016,2016-06-12 00:00:00,109.7021,1 - Lightning,6,164,Jun
1824,2014,2014-06-13 00:00:00,2546.165,9 - Miscellaneous,6,164,Jun
1257,2007,2007-06-13 00:00:00,386.4487,4 - Campfire,6,164,Jun
1761,2013,2013-06-13 00:00:00,179.7226,14 - Unknown / Unidentified,6,164,Jun
1060,2001,2001-06-13 00:00:00,1796.567,14 - Unknown / Unidentified,6,164,Jun
906,1960,1960-06-12 00:00:00,639.0209,9 - Miscellaneous,6,164,Jun
8,2017,2017-06-14 00:00:00,147.667,11 - Powerline,6,165,Jun
1759,2013,2013-06-15 00:00:00,109.2949,14 - Unknown / Unidentified,6,166,Jun
1681,2012,2012-06-14 00:00:00,168.4775,14 - Unknown / Unidentified,6,166,Jun
856,1953,1953-06-15 00:00:00,975.4569,14 - Unknown / Unidentified,6,166,Jun
929,1969,1969-06-15 00:00:00,200.0543,14 - Unknown / Unidentified,6,166,Jun
2008,2016,2016-06-15 00:00:00,7465.751,9 - Miscellaneous,6,167,Jun
1773,2013,2013-06-16 00:00:00,1707.613,4 - Campfire,6,167,Jun
579,1924,1924-06-15 00:00:00,1033.463,14 - Unknown / Unidentified,6,167,Jun
1751,2013,2013-06-16 00:00:00,481.9571,10 - Vehicle,6,167,Jun
158,2017,2017-06-16 00:00:00,143.6004,10 - Vehicle,6,167,Jun
1250,2007,2007-06-17 00:00:00,110.625,2 - Equipment Use,6,168,Jun
1645,2012,2012-06-16 00:00:00,2177.426,9 - Miscellaneous,6,168,Jun
879,1957,1957-06-17 00:00:00,282.1265,14 - Unknown / Unidentified,6,168,Jun
1719,2012,2012-06-16 00:00:00,1704.926,1 - Lightning,6,168,Jun
1891,2015,2015-06-17 00:00:00,264.5698,1 - Lightning,6,168,Jun
1466,2009,2009-06-17 00:00:00,1333.441,1 - Lightning,6,168,Jun
65,2017,2017-06-17 00:00:00,733.2616,14 - Unknown / Unidentified,6,168,Jun
1870,2015,2015-06-17 00:00:00,170.9495,14 - Unknown / Unidentified,6,168,Jun
1895,2015,2015-06-17 00:00:00,31284.44,9 - Miscellaneous,6,168,Jun
118,2017,2017-06-18 00:00:00,1522.259,9 - Miscellaneous,6,169,Jun
1651,2012,2012-06-17 00:00:00,376.149,2 - Equipment Use,6,169,Jun
2015,2016,2016-06-17 00:00:00,209.5521,14 - Unknown / Unidentified,6,169,Jun
1897,2015,2015-06-18 00:00:00,498.9207,2 - Equipment Use,6,169,Jun
1633,2012,2012-06-18 00:00:00,206.0988,14 - Unknown / Unidentified,6,170,Jun
1121,2006,2006-06-19 00:00:00,14922.99,1 - Lightning,6,170,Jun
737,1935,1935-06-19 00:00:00,164.2539,14 - Unknown / Unidentified,6,170,Jun
1454,2009,2009-06-19 00:00:00,1988.681,11 - Powerline,6,170,Jun
142,2017,2017-06-19 00:00:00,1505.491,9 - Miscellaneous,6,170,Jun
1542,2011,2011-06-19 00:00:00,162.7898,2 - Equipment Use,6,170,Jun
1550,2011,2011-06-19 00:00:00,5068.753,14 - Unknown / Unidentified,6,170,Jun
1947,2016,2016-06-19 00:00:00,7606.026,14 - Unknown / Unidentified,6,171,Jun
1367,2008,2008-06-19 00:00:00,247.9303,1 - Lightning,6,171,Jun
1709,2012,2012-06-19 00:00:00,385.1862,9 - Miscellaneous,6,171,Jun
1369,2008,2008-06-19 00:00:00,1777.426,1 - Lightning,6,171,Jun
1385,2008,2008-06-19 00:00:00,358.444,1 - Lightning,6,171,Jun
2002,2016,2016-06-20 00:00:00,1146.539,2 - Equipment Use,6,172,Jun
1568,2011,2011-06-21 00:00:00,3138.897,14 - Unknown / Unidentified,6,172,Jun
1869,2015,2015-06-21 00:00:00,134.0251,5 - Debris,6,172,Jun
1307,2008,2008-06-20 00:00:00,145.8782,1 - Lightning,6,172,Jun
2003,2016,2016-06-20 00:00:00,4245.794,9 - Miscellaneous,6,172,Jun
1291,2008,2008-06-20 00:00:00,594.2645,10 - Vehicle,6,172,Jun
1372,2008,2008-06-20 00:00:00,4922.912,1 - Lightning,6,172,Jun
1315,2008,2008-06-20 00:00:00,729.3351,1 - Lightning,6,172,Jun
1963,2016,2016-06-20 00:00:00,107.7305,2 - Equipment Use,6,172,Jun
1303,2008,2008-06-21 00:00:00,5354.216,1 - Lightning,6,173,Jun
946,1973,1973-06-22 00:00:00,201.0505,14 - Unknown / Unidentified,6,173,Jun
1333,2008,2008-06-21 00:00:00,141.4437,1 - Lightning,6,173,Jun
1328,2008,2008-06-21 00:00:00,391.3163,1 - Lightning,6,173,Jun
1326,2008,2008-06-21 00:00:00,6927.816,1 - Lightning,6,173,Jun
1095,2005,2005-06-22 00:00:00,7157.852,1 - Lightning,6,173,Jun
1320,2008,2008-06-21 00:00:00,228.3133,1 - Lightning,6,173,Jun
1314,2008,2008-06-21 00:00:00,7513.306,1 - Lightning,6,173,Jun
1094,2005,2005-06-22 00:00:00,63771.41,1 - Lightning,6,173,Jun
1310,2008,2008-06-21 00:00:00,444.7132,1 - Lightning,6,173,Jun
1309,2008,2008-06-21 00:00:00,4465.681,1 - Lightning,6,173,Jun
1306,2008,2008-06-21 00:00:00,327.0164,1 - Lightning,6,173,Jun
1324,2008,2008-06-21 00:00:00,481.0017,1 - Lightning,6,173,Jun
1885,2015,2015-06-22 00:00:00,164.7058,1 - Lightning,6,173,Jun
1317,2008,2008-06-21 00:00:00,1852.74,1 - Lightning,6,173,Jun
1340,2008,2008-06-21 00:00:00,3416.724,1 - Lightning,6,173,Jun
1392,2008,2008-06-21 00:00:00,231.1609,1 - Lightning,6,173,Jun
1371,2008,2008-06-21 00:00:00,10389.64,1 - Lightning,6,173,Jun
1391,2008,2008-06-21 00:00:00,17552.39,1 - Lightning,6,173,Jun
1373,2008,2008-06-21 00:00:00,14728.5,1 - Lightning,6,173,Jun
1374,2008,2008-06-21 00:00:00,8021.854,1 - Lightning,6,173,Jun
1376,2008,2008-06-21 00:00:00,1885.691,1 - Lightning,6,173,Jun
1384,2008,2008-06-21 00:00:00,30660.02,1 - Lightning,6,173,Jun
1377,2008,2008-06-21 00:00:00,1566.22,1 - Lightning,6,173,Jun
1378,2008,2008-06-21 00:00:00,2192.96,1 - Lightning,6,173,Jun
1379,2008,2008-06-21 00:00:00,3041.954,1 - Lightning,6,173,Jun
1381,2008,2008-06-21 00:00:00,1182.067,1 - Lightning,6,173,Jun
1388,2008,2008-06-21 00:00:00,6323.498,1 - Lightning,6,173,Jun
1387,2008,2008-06-21 00:00:00,32023.89,1 - Lightning,6,173,Jun
1383,2008,2008-06-21 00:00:00,1640.779,1 - Lightning,6,173,Jun
1390,2008,2008-06-21 00:00:00,31932.87,1 - Lightning,6,173,Jun
1366,2008,2008-06-21 00:00:00,4904.737,1 - Lightning,6,173,Jun
1368,2008,2008-06-21 00:00:00,13126.68,1 - Lightning,6,173,Jun
1386,2008,2008-06-21 00:00:00,24876.34,1 - Lightning,6,173,Jun
1393,2008,2008-06-21 00:00:00,12401.95,1 - Lightning,6,173,Jun
1400,2008,2008-06-21 00:00:00,13511.76,1 - Lightning,6,173,Jun
1354,2008,2008-06-21 00:00:00,168.3676,1 - Lightning,6,173,Jun
1353,2008,2008-06-21 00:00:00,1165.431,1 - Lightning,6,173,Jun
1577,2011,2011-06-22 00:00:00,108.0505,14 - Unknown / Unidentified,6,173,Jun
1352,2008,2008-06-21 00:00:00,2416.797,1 - Lightning,6,173,Jun
1401,2008,2008-06-21 00:00:00,788.7921,1 - Lightning,6,173,Jun
1348,2008,2008-06-21 00:00:00,11090.15,1 - Lightning,6,173,Jun
1349,2008,2008-06-21 00:00:00,9219.731,1 - Lightning,6,173,Jun
1429,2009,2009-06-22 00:00:00,689.9021,11 - Powerline,6,173,Jun
1351,2008,2008-06-21 00:00:00,309.1754,1 - Lightning,6,173,Jun
1350,2008,2008-06-21 00:00:00,580.6381,1 - Lightning,6,173,Jun
1207,2007,2007-06-23 00:00:00,481.78,5 - Debris,6,174,Jun
94,2017,2017-06-23 00:00:00,356.9353,5 - Debris,6,174,Jun
1421,2009,2009-06-23 00:00:00,169.8183,9 - Miscellaneous,6,174,Jun
1238,2007,2007-06-23 00:00:00,3069.805,4 - Campfire,6,174,Jun
1389,2008,2008-06-22 00:00:00,14544.0,1 - Lightning,6,174,Jun
325,1915,1915-06-23 00:00:00,118.8507,14 - Unknown / Unidentified,6,174,Jun
1930,2015,2015-06-23 00:00:00,14253.95,4 - Campfire,6,174,Jun
1382,2008,2008-06-22 00:00:00,980.283,1 - Lightning,6,174,Jun
1380,2008,2008-06-22 00:00:00,948.7195,1 - Lightning,6,174,Jun
1293,2008,2008-06-22 00:00:00,210.6067,4 - Campfire,6,174,Jun
1316,2008,2008-06-22 00:00:00,4657.563,1 - Lightning,6,174,Jun
1300,2008,2008-06-22 00:00:00,11173.0,10 - Vehicle,6,174,Jun
1858,2015,2015-06-24 00:00:00,364.396,14 - Unknown / Unidentified,6,175,Jun
114,2017,2017-06-24 00:00:00,15833.21,1 - Lightning,6,175,Jun
1972,2016,2016-06-23 00:00:00,48008.35,14 - Unknown / Unidentified,6,175,Jun
1612,2011,2011-06-24 00:00:00,129.6425,10 - Vehicle,6,175,Jun
1611,2011,2011-06-24 00:00:00,380.589,10 - Vehicle,6,175,Jun
1431,2009,2009-06-24 00:00:00,277.9886,10 - Vehicle,6,175,Jun
1430,2009,2009-06-24 00:00:00,188.3855,15 - Structure,6,175,Jun
1305,2008,2008-06-23 00:00:00,2067.143,1 - Lightning,6,175,Jun
1181,2006,2006-06-25 00:00:00,170.5343,7 - Arson,6,176,Jun
1104,2006,2006-06-25 00:00:00,4393.104,1 - Lightning,6,176,Jun
64,2017,2017-06-25 00:00:00,759.7584,7 - Arson,6,176,Jun
26,2017,2017-06-25 00:00:00,269.1116,11 - Powerline,6,176,Jun
356,1916,1916-06-24 00:00:00,127.0033,14 - Unknown / Unidentified,6,176,Jun
1185,2006,2006-06-25 00:00:00,2919.262,1 - Lightning,6,176,Jun
1738,2013,2013-06-25 00:00:00,117.7576,14 - Unknown / Unidentified,6,176,Jun
1020,1994,1994-06-25 00:00:00,3487.831,4 - Campfire,6,176,Jun
1010,1990,1990-06-25 00:00:00,321.4325,9 - Miscellaneous,6,176,Jun
1988,2016,2016-06-24 00:00:00,641.2314,9 - Miscellaneous,6,176,Jun
1184,2006,2006-06-25 00:00:00,512.3259,1 - Lightning,6,176,Jun
1126,2006,2006-06-26 00:00:00,537.4158,1 - Lightning,6,177,Jun
1133,2006,2006-06-26 00:00:00,1053.402,1 - Lightning,6,177,Jun
1150,2006,2006-06-26 00:00:00,193.5323,2 - Equipment Use,6,177,Jun
1134,2006,2006-06-26 00:00:00,460.6421,1 - Lightning,6,177,Jun
1585,2011,2011-06-26 00:00:00,568.4095,10 - Vehicle,6,177,Jun
1980,2016,2016-06-25 00:00:00,1246.319,10 - Vehicle,6,177,Jun
86,2017,2017-06-26 00:00:00,6303.659,10 - Vehicle,6,177,Jun
1101,2006,2006-06-26 00:00:00,3751.389,1 - Lightning,6,177,Jun
1098,2006,2006-06-26 00:00:00,1304.424,1 - Lightning,6,177,Jun
135,2017,2017-06-26 00:00:00,1594.034,1 - Lightning,6,177,Jun
12,2017,2017-06-26 00:00:00,1645.591,10 - Vehicle,6,177,Jun
1474,2009,2009-06-26 00:00:00,409.0049,9 - Miscellaneous,6,177,Jun
876,1956,1956-06-25 00:00:00,377.1027,14 - Unknown / Unidentified,6,177,Jun
1187,2006,2006-06-26 00:00:00,1246.917,1 - Lightning,6,177,Jun
1135,2006,2006-06-26 00:00:00,130.0214,1 - Lightning,6,177,Jun
1946,2016,2016-06-26 00:00:00,1000.718,1 - Lightning,6,178,Jun
144,2017,2017-06-27 00:00:00,669.2087,7 - Arson,6,178,Jun
1158,2006,2006-06-27 00:00:00,225.1383,1 - Lightning,6,178,Jun
1605,2011,2011-06-27 00:00:00,144.9671,11 - Powerline,6,178,Jun
1151,2006,2006-06-27 00:00:00,233.436,10 - Vehicle,6,178,Jun
120,2017,2017-06-27 00:00:00,107.2538,9 - Miscellaneous,6,178,Jun
1308,2008,2008-06-26 00:00:00,2095.894,1 - Lightning,6,178,Jun
359,1916,1916-06-26 00:00:00,139.3635,14 - Unknown / Unidentified,6,178,Jun
1627,2011,2011-06-27 00:00:00,1129.855,2 - Equipment Use,6,178,Jun
1256,2007,2007-06-28 00:00:00,456.7993,2 - Equipment Use,6,179,Jun
1467,2009,2009-06-28 00:00:00,114.9584,9 - Miscellaneous,6,179,Jun
1136,2006,2006-06-28 00:00:00,210.3216,1 - Lightning,6,179,Jun
1728,2013,2013-06-28 00:00:00,534.2628,7 - Arson,6,179,Jun
1177,2006,2006-06-28 00:00:00,241.0048,1 - Lightning,6,179,Jun
155,2017,2017-06-28 00:00:00,653.5079,2 - Equipment Use,6,179,Jun
1124,2006,2006-06-28 00:00:00,646.679,1 - Lightning,6,179,Jun
181,2017,2017-06-28 00:00:00,702.3066,9 - Miscellaneous,6,179,Jun
1321,2008,2008-06-27 00:00:00,326.7026,1 - Lightning,6,179,Jun
49,2017,2017-06-28 00:00:00,558.1425,10 - Vehicle,6,179,Jun
1704,2012,2012-06-28 00:00:00,192.0436,5 - Debris,6,180,Jun
1877,2015,2015-06-29 00:00:00,210.8346,8 - Playing with fire,6,180,Jun
1052,2000,2000-06-28 00:00:00,222.2774,1 - Lightning,6,180,Jun
1139,2006,2006-06-29 00:00:00,124.2512,14 - Unknown / Unidentified,6,180,Jun
1468,2009,2009-06-29 00:00:00,2577.448,1 - Lightning,6,180,Jun
1987,2016,2016-06-28 00:00:00,5644.68,9 - Miscellaneous,6,180,Jun
1312,2008,2008-06-28 00:00:00,576.2856,1 - Lightning,6,180,Jun
1251,2007,2007-06-29 00:00:00,176.6712,7 - Arson,6,180,Jun
1730,2013,2013-06-29 00:00:00,105.2913,10 - Vehicle,6,180,Jun
1365,2008,2008-06-28 00:00:00,119.1423,1 - Lightning,6,180,Jun
2016,2016,2016-06-28 00:00:00,371.6552,10 - Vehicle,6,180,Jun
683,1931,1931-06-30 00:00:00,2134.816,14 - Unknown / Unidentified,6,181,Jun
1140,2006,2006-06-30 00:00:00,226.2298,7 - Arson,6,181,Jun
1640,2012,2012-06-29 00:00:00,160.4304,8 - Playing with fire,6,181,Jun
1632,2012,2012-06-29 00:00:00,173.2719,14 - Unknown / Unidentified,6,181,Jun
1275,2007,2007-06-30 00:00:00,394.0664,9 - Miscellaneous,6,181,Jun
1603,2011,2011-06-30 00:00:00,171.7036,9 - Miscellaneous,6,181,Jun
1457,2009,2009-07-01 00:00:00,391.4507,1 - Lightning,7,182,Jul
1086,2004,2004-06-30 00:00:00,5031.157,1 - Lightning,6,182,Jun
1953,2016,2016-06-30 00:00:00,465.1825,11 - Powerline,6,182,Jun
1732,2013,2013-07-01 00:00:00,5365.245,14 - Unknown / Unidentified,7,182,Jul
1872,2015,2015-07-01 00:00:00,181.437,14 - Unknown / Unidentified,7,182,Jul
1458,2009,2009-07-01 00:00:00,1129.536,1 - Lightning,7,182,Jul
974,1985,1985-07-01 00:00:00,84271.42,2 - Equipment Use,7,182,Jul
1768,2013,2013-07-01 00:00:00,478.0438,11 - Powerline,7,182,Jul
1837,2014,2014-07-01 00:00:00,15242.87,1 - Lightning,7,182,Jul
1821,2014,2014-07-01 00:00:00,641.467,1 - Lightning,7,182,Jul
1851,2014,2014-07-01 00:00:00,4297.35,14 - Unknown / Unidentified,7,182,Jul
1472,2009,2009-07-01 00:00:00,5193.642,1 - Lightning,7,182,Jul
1819,2014,2014-07-01 00:00:00,456.01,1 - Lightning,7,182,Jul
855,1953,1953-07-02 00:00:00,31708.98,14 - Unknown / Unidentified,7,183,Jul
1949,2016,2016-07-01 00:00:00,104.2135,14 - Unknown / Unidentified,7,183,Jul
1343,2008,2008-07-01 00:00:00,299.7513,7 - Arson,7,183,Jul
804,1944,1944-07-01 00:00:00,1538.894,14 - Unknown / Unidentified,7,183,Jul
1736,2013,2013-07-02 00:00:00,139.3611,9 - Miscellaneous,7,183,Jul
93,2017,2017-07-02 00:00:00,1561.663,14 - Unknown / Unidentified,7,183,Jul
883,1958,1957-07-02 00:00:00,147.4947,14 - Unknown / Unidentified,7,183,Jul
1820,2014,2014-07-02 00:00:00,117.4045,1 - Lightning,7,183,Jul
1856,2015,2015-07-02 00:00:00,357.5903,7 - Arson,7,183,Jul
1822,2014,2014-07-03 00:00:00,1397.349,6 - Railroad,7,184,Jul
1290,2008,2008-07-02 00:00:00,53699.33,1 - Lightning,7,184,Jul
1958,2016,2016-07-02 00:00:00,283.9547,9 - Miscellaneous,7,184,Jul
1844,2014,2014-07-03 00:00:00,177.7857,14 - Unknown / Unidentified,7,184,Jul
51,2017,2017-07-03 00:00:00,208.2268,2 - Equipment Use,7,184,Jul
1152,2006,2006-07-03 00:00:00,1997.151,9 - Miscellaneous,7,184,Jul
103,2017,2017-07-03 00:00:00,310.7712,1 - Lightning,7,184,Jul
1002,1988,1988-07-02 00:00:00,2499.556,9 - Miscellaneous,7,184,Jul
1361,2008,2008-07-02 00:00:00,176.9437,9 - Miscellaneous,7,184,Jul
1662,2012,2012-07-03 00:00:00,885.1592,14 - Unknown / Unidentified,7,185,Jul
1498,2010,2010-07-04 00:00:00,672.0052,8 - Playing with fire,7,185,Jul
1153,2006,2006-07-04 00:00:00,149.9436,2 - Equipment Use,7,185,Jul
953,1976,1976-07-03 00:00:00,192.0884,3 - Smoking,7,185,Jul
1266,2007,2007-07-04 00:00:00,240358.7,2 - Equipment Use,7,185,Jul
1876,2015,2015-07-04 00:00:00,398.4229,1 - Lightning,7,185,Jul
1879,2015,2015-07-04 00:00:00,163.283,14 - Unknown / Unidentified,7,185,Jul
1332,2008,2008-07-04 00:00:00,271.5575,1 - Lightning,7,186,Jul
1105,2006,2006-07-05 00:00:00,447.0361,1 - Lightning,7,186,Jul
1202,2006,2006-07-05 00:00:00,2035.224,1 - Lightning,7,186,Jul
745,1936,1936-07-04 00:00:00,102.4128,14 - Unknown / Unidentified,7,186,Jul
1323,2008,2008-07-04 00:00:00,2367.237,1 - Lightning,7,186,Jul
1329,2008,2008-07-04 00:00:00,186.1272,1 - Lightning,7,186,Jul
1327,2008,2008-07-04 00:00:00,451.6416,1 - Lightning,7,186,Jul
1322,2008,2008-07-04 00:00:00,879.7822,1 - Lightning,7,186,Jul
1319,2008,2008-07-04 00:00:00,3416.339,1 - Lightning,7,186,Jul
1318,2008,2008-07-04 00:00:00,1537.734,1 - Lightning,7,186,Jul
1313,2008,2008-07-04 00:00:00,181.1454,1 - Lightning,7,186,Jul
1311,2008,2008-07-04 00:00:00,1347.432,1 - Lightning,7,186,Jul
1304,2008,2008-07-04 00:00:00,1187.171,1 - Lightning,7,186,Jul
1267,2007,2007-07-05 00:00:00,406.5478,1 - Lightning,7,186,Jul
1269,2007,2007-07-05 00:00:00,22331.92,1 - Lightning,7,186,Jul
1331,2008,2008-07-04 00:00:00,134.8568,1 - Lightning,7,186,Jul
1334,2008,2008-07-04 00:00:00,403.0794,1 - Lightning,7,186,Jul
1330,2008,2008-07-04 00:00:00,370.9719,1 - Lightning,7,186,Jul
17,2017,2017-07-05 00:00:00,469.3559,9 - Miscellaneous,7,186,Jul
1979,2016,2016-07-04 00:00:00,101.3506,2 - Equipment Use,7,186,Jul
1606,2011,2011-07-05 00:00:00,431.7294,10 - Vehicle,7,186,Jul
1404,2009,2009-07-05 00:00:00,210.5635,1 - Lightning,7,186,Jul
1228,2007,2007-07-06 00:00:00,27062.87,1 - Lightning,7,187,Jul
55,2017,2017-07-06 00:00:00,2366.235,14 - Unknown / Unidentified,7,187,Jul
1402,2009,2009-07-06 00:00:00,330.1603,14 - Unknown / Unidentified,7,187,Jul
1219,2007,2007-07-06 00:00:00,6462.62,1 - Lightning,7,187,Jul
1218,2007,2007-07-06 00:00:00,267.2752,1 - Lightning,7,187,Jul
1325,2008,2008-07-05 00:00:00,1171.231,1 - Lightning,7,187,Jul
11,2017,2017-07-06 00:00:00,28834.17,10 - Vehicle,7,187,Jul
1220,2007,2007-07-06 00:00:00,1643.769,1 - Lightning,7,187,Jul
1755,2013,2013-07-06 00:00:00,7084.673,14 - Unknown / Unidentified,7,187,Jul
1427,2009,2009-07-06 00:00:00,208.3219,14 - Unknown / Unidentified,7,187,Jul
1614,2011,2011-07-06 00:00:00,114.3859,1 - Lightning,7,187,Jul
857,1953,1953-07-07 00:00:00,557.9131,14 - Unknown / Unidentified,7,188,Jul
1599,2011,2011-07-07 00:00:00,508.3433,14 - Unknown / Unidentified,7,188,Jul
161,2017,2017-07-07 00:00:00,6028.49,2 - Equipment Use,7,188,Jul
1409,2009,2009-07-07 00:00:00,348.3582,9 - Miscellaneous,7,188,Jul
70,2017,2017-07-07 00:00:00,2940.496,14 - Unknown / Unidentified,7,188,Jul
1339,2008,2008-07-06 00:00:00,103.968,6 - Railroad,7,188,Jul
1570,2011,2011-07-08 00:00:00,167.452,14 - Unknown / Unidentified,7,189,Jul
1680,2012,2012-07-07 00:00:00,187.8274,7 - Arson,7,189,Jul
1546,2011,2011-07-08 00:00:00,523.9898,2 - Equipment Use,7,189,Jul
1737,2013,2013-07-08 00:00:00,570.8655,9 - Miscellaneous,7,189,Jul
1644,2012,2012-07-07 00:00:00,121.3023,14 - Unknown / Unidentified,7,189,Jul
130,2017,2017-07-08 00:00:00,18412.4,9 - Miscellaneous,7,189,Jul
1075,2003,2003-07-08 00:00:00,480.7464,7 - Arson,7,189,Jul
1617,2011,2011-07-08 00:00:00,20681.54,1 - Lightning,7,189,Jul
165,2017,2017-07-08 00:00:00,1821.772,11 - Powerline,7,189,Jul
1641,2012,2012-07-07 00:00:00,1135.347,14 - Unknown / Unidentified,7,189,Jul
1188,2006,2006-07-09 00:00:00,2097.887,1 - Lightning,7,190,Jul
914,1963,1963-07-09 00:00:00,176.336,14 - Unknown / Unidentified,7,190,Jul
1893,2015,2015-07-09 00:00:00,408.9148,1 - Lightning,7,190,Jul
1114,2006,2006-07-09 00:00:00,584.8881,1 - Lightning,7,190,Jul
1952,2016,2016-07-08 00:00:00,330.9144,7 - Arson,7,190,Jul
1634,2012,2012-07-08 00:00:00,196.3657,14 - Unknown / Unidentified,7,190,Jul
1159,2006,2006-07-09 00:00:00,24218.9,1 - Lightning,7,190,Jul
1189,2006,2006-07-09 00:00:00,4655.902,1 - Lightning,7,190,Jul
1666,2012,2012-07-08 00:00:00,4429.401,7 - Arson,7,190,Jul
1643,2012,2012-07-08 00:00:00,117.3579,11 - Powerline,7,190,Jul
1591,2011,2011-07-09 00:00:00,341.6777,14 - Unknown / Unidentified,7,190,Jul
89,2017,2017-07-09 00:00:00,48886.66,10 - Vehicle,7,190,Jul
10,2017,2017-07-09 00:00:00,340.4365,2 - Equipment Use,7,190,Jul
23,2017,2017-07-10 00:00:00,102.559,14 - Unknown / Unidentified,7,191,Jul
1966,2016,2016-07-09 00:00:00,850.8893,4 - Campfire,7,191,Jul
1249,2007,2007-07-10 00:00:00,919.1995,14 - Unknown / Unidentified,7,191,Jul
1234,2007,2007-07-10 00:00:00,1144.694,1 - Lightning,7,191,Jul
1235,2007,2007-07-10 00:00:00,8081.957,1 - Lightning,7,191,Jul
1273,2007,2007-07-10 00:00:00,2177.285,1 - Lightning,7,191,Jul
1272,2007,2007-07-10 00:00:00,2172.781,1 - Lightning,7,191,Jul
1642,2012,2012-07-09 00:00:00,2530.048,2 - Equipment Use,7,191,Jul
1277,2007,2007-07-10 00:00:00,679.6122,1 - Lightning,7,191,Jul
1271,2007,2007-07-10 00:00:00,10477.38,1 - Lightning,7,191,Jul
1274,2007,2007-07-10 00:00:00,931.9898,1 - Lightning,7,191,Jul
1216,2007,2007-07-10 00:00:00,2939.363,1 - Lightning,7,191,Jul
1436,2009,2009-07-11 00:00:00,468.4803,9 - Miscellaneous,7,192,Jul
41,2017,2017-07-11 00:00:00,332.5865,10 - Vehicle,7,192,Jul
1282,2007,2007-07-11 00:00:00,263.4331,1 - Lightning,7,192,Jul
75,2017,2017-07-11 00:00:00,83581.41,10 - Vehicle,7,192,Jul
1825,2014,2014-07-11 00:00:00,1679.217,9 - Miscellaneous,7,192,Jul
1063,2002,2002-07-11 00:00:00,1875.442,1 - Lightning,7,192,Jul
24,2017,2017-07-11 00:00:00,102.1644,14 - Unknown / Unidentified,7,192,Jul
1624,2011,2011-07-11 00:00:00,872.8737,1 - Lightning,7,192,Jul
1252,2007,2007-07-11 00:00:00,210.9111,1 - Lightning,7,192,Jul
909,1961,1961-07-12 00:00:00,249.2188,1 - Lightning,7,193,Jul
1683,2012,2012-07-11 00:00:00,2635.211,7 - Arson,7,193,Jul
1511,2010,2010-07-12 00:00:00,356.9384,14 - Unknown / Unidentified,7,193,Jul
681,1931,1931-07-12 00:00:00,165.8927,14 - Unknown / Unidentified,7,193,Jul
1698,2012,2012-07-11 00:00:00,1720.212,10 - Vehicle,7,193,Jul
1405,2009,2009-07-13 00:00:00,332.0352,2 - Equipment Use,7,194,Jul
2014,2016,2016-07-12 00:00:00,178.447,1 - Lightning,7,194,Jul
893,1959,1959-07-13 00:00:00,431.6721,14 - Unknown / Unidentified,7,194,Jul
145,2017,2017-07-13 00:00:00,381.0148,1 - Lightning,7,194,Jul
1956,2016,2016-07-12 00:00:00,340.5402,2 - Equipment Use,7,194,Jul
1976,2016,2016-07-12 00:00:00,118.9174,14 - Unknown / Unidentified,7,194,Jul
1175,2006,2006-07-14 00:00:00,122.7217,2 - Equipment Use,7,195,Jul
1064,2002,2002-07-14 00:00:00,112.6442,1 - Lightning,7,195,Jul
143,2017,2017-07-14 00:00:00,460.2896,9 - Miscellaneous,7,195,Jul
1975,2016,2016-07-13 00:00:00,266.2381,15 - Structure,7,195,Jul
1607,2011,2011-07-14 00:00:00,517.3747,9 - Miscellaneous,7,195,Jul
1726,2013,2013-07-15 00:00:00,27523.67,9 - Miscellaneous,7,196,Jul
1444,2009,2009-07-15 00:00:00,642.6456,9 - Miscellaneous,7,196,Jul
938,1972,1972-07-14 00:00:00,477.1078,3 - Smoking,7,196,Jul
1495,2010,2010-07-15 00:00:00,551.7151,1 - Lightning,7,196,Jul
756,1937,1937-07-15 00:00:00,261.4487,14 - Unknown / Unidentified,7,196,Jul
1506,2010,2010-07-15 00:00:00,177.2968,1 - Lightning,7,196,Jul
1597,2011,2011-07-15 00:00:00,324.9071,14 - Unknown / Unidentified,7,196,Jul
982,1986,1986-07-15 00:00:00,114.01,9 - Miscellaneous,7,196,Jul
1447,2009,2009-07-15 00:00:00,154.4899,4 - Campfire,7,196,Jul
757,1937,1937-07-15 00:00:00,148.3945,14 - Unknown / Unidentified,7,196,Jul
1764,2013,2013-07-16 00:00:00,168.0977,14 - Unknown / Unidentified,7,197,Jul
1501,2010,2010-07-16 00:00:00,910.1182,1 - Lightning,7,197,Jul
1180,2006,2006-07-16 00:00:00,365.8738,7 - Arson,7,197,Jul
1247,2007,2007-07-16 00:00:00,935.632,2 - Equipment Use,7,197,Jul
1852,2014,2015-07-16 00:00:00,1076.479,1 - Lightning,7,197,Jul
1718,2012,2012-07-15 00:00:00,324.3438,14 - Unknown / Unidentified,7,197,Jul
48,2017,2017-07-16 00:00:00,81826.27,9 - Miscellaneous,7,197,Jul
5,2017,2017-07-17 00:00:00,114.5601,14 - Unknown / Unidentified,7,198,Jul
1144,2006,2006-07-17 00:00:00,344.2801,10 - Vehicle,7,198,Jul
1504,2010,2010-07-17 00:00:00,171.4515,14 - Unknown / Unidentified,7,198,Jul
91,2017,2017-07-17 00:00:00,1648.704,2 - Equipment Use,7,198,Jul
1746,2013,2013-07-17 00:00:00,212.4645,4 - Campfire,7,198,Jul
1896,2015,2015-07-17 00:00:00,4249.093,9 - Miscellaneous,7,198,Jul
1102,2006,2006-07-17 00:00:00,453.417,10 - Vehicle,7,198,Jul
1419,2009,2009-07-18 00:00:00,2811.132,1 - Lightning,7,199,Jul
71,2017,2017-07-18 00:00:00,1182.301,14 - Unknown / Unidentified,7,199,Jul
1420,2009,2009-07-18 00:00:00,270.8956,1 - Lightning,7,199,Jul
1635,2012,2012-07-17 00:00:00,1428.454,14 - Unknown / Unidentified,7,199,Jul
19,2017,2017-07-18 00:00:00,175.3335,9 - Miscellaneous,7,199,Jul
588,1925,1925-07-18 00:00:00,2587.852,9 - Miscellaneous,7,199,Jul
1500,2010,2010-07-18 00:00:00,1502.195,1 - Lightning,7,199,Jul
1868,2015,2015-07-18 00:00:00,1728.974,1 - Lightning,7,199,Jul
890,1959,1959-07-18 00:00:00,1300.161,9 - Miscellaneous,7,199,Jul
1001,1988,1988-07-17 00:00:00,5814.841,7 - Arson,7,199,Jul
1072,2003,2003-07-19 00:00:00,1569.071,1 - Lightning,7,200,Jul
1079,2003,2003-07-19 00:00:00,166.8107,1 - Lightning,7,200,Jul
1916,2015,2015-07-19 00:00:00,6996.186,1 - Lightning,7,200,Jul
2005,2016,2016-07-18 00:00:00,100.0661,2 - Equipment Use,7,200,Jul
1483,2009,2009-07-19 00:00:00,664.1164,1 - Lightning,7,200,Jul
1688,2012,2012-07-18 00:00:00,1150.858,14 - Unknown / Unidentified,7,200,Jul
1118,2006,2006-07-19 00:00:00,261.0526,1 - Lightning,7,200,Jul
1424,2009,2009-07-19 00:00:00,3183.837,2 - Equipment Use,7,200,Jul
963,1978,1978-07-19 00:00:00,1939.991,14 - Unknown / Unidentified,7,200,Jul
110,2017,2017-07-19 00:00:00,318.873,9 - Miscellaneous,7,200,Jul
1888,2015,2015-07-19 00:00:00,17779.54,1 - Lightning,7,200,Jul
1154,2006,2006-07-19 00:00:00,150.3358,2 - Equipment Use,7,200,Jul
1065,2002,2002-07-19 00:00:00,219.674,1 - Lightning,7,200,Jul
1224,2007,2007-07-20 00:00:00,1430.317,9 - Miscellaneous,7,201,Jul
423,1918,1918-07-20 00:00:00,160.0063,14 - Unknown / Unidentified,7,201,Jul
1442,2009,2009-07-20 00:00:00,262.2774,14 - Unknown / Unidentified,7,201,Jul
1469,2009,2009-07-20 00:00:00,1397.009,1 - Lightning,7,201,Jul
981,1986,1986-07-20 00:00:00,3986.863,4 - Campfire,7,201,Jul
2,2017,2017-07-20 00:00:00,415.2116,7 - Arson,7,201,Jul
1073,2003,2003-07-20 00:00:00,2632.773,1 - Lightning,7,201,Jul
958,1977,1977-07-20 00:00:00,173.2766,1 - Lightning,7,201,Jul
1067,2003,2003-07-20 00:00:00,5641.614,1 - Lightning,7,201,Jul
1203,2006,2006-07-20 00:00:00,480.0004,1 - Lightning,7,201,Jul
1096,2005,2005-07-20 00:00:00,221.3639,1 - Lightning,7,201,Jul
1854,2014,2014-07-20 00:00:00,4774.47,1 - Lightning,7,201,Jul
948,1974,1974-07-20 00:00:00,137.2475,4 - Campfire,7,201,Jul
1091,2005,2005-07-21 00:00:00,120.9778,1 - Lightning,7,202,Jul
1089,2005,2005-07-21 00:00:00,133.1618,1 - Lightning,7,202,Jul
1608,2011,2011-07-21 00:00:00,516.9648,8 - Playing with fire,7,202,Jul
1589,2011,2011-07-21 00:00:00,13992.99,7 - Arson,7,202,Jul
1090,2005,2005-07-21 00:00:00,104.7096,1 - Lightning,7,202,Jul
1116,2006,2006-07-21 00:00:00,129.4209,1 - Lightning,7,202,Jul
1119,2006,2006-07-21 00:00:00,6029.851,1 - Lightning,7,202,Jul
1878,2015,2015-07-21 00:00:00,427.9607,1 - Lightning,7,202,Jul
1861,2015,2015-07-22 00:00:00,8049.334,10 - Vehicle,7,203,Jul
140,2017,2017-07-22 00:00:00,250.5664,4 - Campfire,7,203,Jul
1772,2013,2013-07-22 00:00:00,22937.52,1 - Lightning,7,203,Jul
1160,2006,2006-07-22 00:00:00,4321.537,1 - Lightning,7,203,Jul
923,1968,1968-07-21 00:00:00,151.836,3 - Smoking,7,203,Jul
1137,2006,2006-07-22 00:00:00,523.7485,1 - Lightning,7,203,Jul
1100,2006,2006-07-22 00:00:00,990.733,1 - Lightning,7,203,Jul
1199,2006,2006-07-22 00:00:00,283.2123,1 - Lightning,7,203,Jul
1665,2012,2012-07-21 00:00:00,601.8473,2 - Equipment Use,7,203,Jul
1682,2012,2012-07-21 00:00:00,199.3232,5 - Debris,7,203,Jul
1003,1988,1988-07-21 00:00:00,6690.322,7 - Arson,7,203,Jul
1112,2006,2006-07-22 00:00:00,145.1921,1 - Lightning,7,203,Jul
1174,2006,2006-07-23 00:00:00,213.6071,1 - Lightning,7,204,Jul
1836,2014,2014-07-23 00:00:00,1062.864,1 - Lightning,7,204,Jul
1171,2006,2006-07-23 00:00:00,65050.05,1 - Lightning,7,204,Jul
1176,2006,2006-07-23 00:00:00,235.3274,1 - Lightning,7,204,Jul
1179,2006,2006-07-23 00:00:00,6075.601,1 - Lightning,7,204,Jul
2004,2016,2016-07-22 00:00:00,41382.86,2 - Equipment Use,7,204,Jul
1162,2006,2006-07-23 00:00:00,16677.62,4 - Campfire,7,204,Jul
167,2017,2017-07-23 00:00:00,157.5895,9 - Miscellaneous,7,204,Jul
1586,2011,2011-07-23 00:00:00,451.0401,14 - Unknown / Unidentified,7,204,Jul
1370,2008,2008-07-22 00:00:00,44497.18,1 - Lightning,7,204,Jul
1195,2006,2006-07-23 00:00:00,751.0727,1 - Lightning,7,204,Jul
1165,2006,2006-07-23 00:00:00,3832.854,1 - Lightning,7,204,Jul
1166,2006,2006-07-24 00:00:00,21866.13,1 - Lightning,7,205,Jul
1717,2012,2012-07-23 00:00:00,28073.2,14 - Unknown / Unidentified,7,205,Jul
1138,2006,2006-07-24 00:00:00,4853.658,1 - Lightning,7,205,Jul
146,2017,2017-07-24 00:00:00,1492.398,1 - Lightning,7,205,Jul
76,2017,2017-07-24 00:00:00,278.1283,1 - Lightning,7,205,Jul
1173,2006,2006-07-24 00:00:00,480.8092,1 - Lightning,7,205,Jul
1186,2006,2006-07-24 00:00:00,16234.27,1 - Lightning,7,205,Jul
1191,2006,2006-07-24 00:00:00,15506.2,1 - Lightning,7,205,Jul
1496,2010,2010-07-24 00:00:00,631.7201,1 - Lightning,7,205,Jul
9,2017,2017-07-24 00:00:00,236.8678,10 - Vehicle,7,205,Jul
1192,2006,2006-07-24 00:00:00,422.0619,1 - Lightning,7,205,Jul
1193,2006,2006-07-24 00:00:00,904.7364,1 - Lightning,7,205,Jul
1178,2006,2006-07-24 00:00:00,4872.309,1 - Lightning,7,205,Jul
1204,2006,2006-07-24 00:00:00,9278.413,1 - Lightning,7,205,Jul
892,1959,1959-07-24 00:00:00,527.7029,3 - Smoking,7,205,Jul
1883,2015,2015-07-25 00:00:00,390.0219,7 - Arson,7,206,Jul
1197,2006,2006-07-25 00:00:00,557.9207,1 - Lightning,7,206,Jul
905,1960,1960-07-24 00:00:00,2116.257,3 - Smoking,7,206,Jul
112,2017,2017-07-25 00:00:00,4240.974,1 - Lightning,7,206,Jul
108,2017,2017-07-25 00:00:00,242.4736,1 - Lightning,7,206,Jul
1945,2015,2015-07-25 00:00:00,5701.341,8 - Playing with fire,7,206,Jul
154,2017,2017-07-25 00:00:00,120.976,1 - Lightning,7,206,Jul
1169,2006,2006-07-25 00:00:00,145.7729,14 - Unknown / Unidentified,7,206,Jul
147,2017,2017-07-25 00:00:00,30890.86,1 - Lightning,7,206,Jul
1201,2006,2006-07-25 00:00:00,3711.536,1 - Lightning,7,206,Jul
106,2017,2017-07-26 00:00:00,1643.643,1 - Lightning,7,207,Jul
1853,2014,2014-07-26 00:00:00,4744.617,14 - Unknown / Unidentified,7,207,Jul
1473,2009,2009-07-26 00:00:00,6129.376,9 - Miscellaneous,7,207,Jul
1713,2012,2012-07-25 00:00:00,134.2809,2 - Equipment Use,7,207,Jul
170,2017,2017-07-26 00:00:00,138.5487,2 - Equipment Use,7,207,Jul
1190,2006,2006-07-26 00:00:00,3492.245,1 - Lightning,7,207,Jul
826,1949,1949-07-26 00:00:00,214.6674,3 - Smoking,7,207,Jul
148,2017,2017-07-26 00:00:00,254.8858,1 - Lightning,7,207,Jul
149,2017,2017-07-26 00:00:00,45704.01,1 - Lightning,7,207,Jul
169,2017,2017-07-26 00:00:00,1268.11,5 - Debris,7,207,Jul
1161,2006,2006-07-26 00:00:00,1282.879,14 - Unknown / Unidentified,7,207,Jul
1508,2010,2010-07-26 00:00:00,9406.033,1 - Lightning,7,207,Jul
1894,2015,2015-07-27 00:00:00,324.7684,1 - Lightning,7,208,Jul
1593,2011,2011-07-27 00:00:00,109.5609,14 - Unknown / Unidentified,7,208,Jul
1155,2006,2006-07-27 00:00:00,199.8765,2 - Equipment Use,7,208,Jul
1828,2014,2014-07-27 00:00:00,13831.64,4 - Campfire,7,208,Jul
150,2017,2017-07-27 00:00:00,4490.607,1 - Lightning,7,208,Jul
66,2017,2017-07-28 00:00:00,149.61,14 - Unknown / Unidentified,7,209,Jul
1099,2006,2006-07-28 00:00:00,168.7805,5 - Debris,7,209,Jul
1482,2009,2009-07-28 00:00:00,1292.374,1 - Lightning,7,209,Jul
1209,2007,2007-07-28 00:00:00,121.5482,7 - Arson,7,209,Jul
1795,2014,2014-07-28 00:00:00,377.856,2 - Equipment Use,7,209,Jul
1691,2012,2012-07-28 00:00:00,708.7601,5 - Debris,7,210,Jul
1690,2012,2012-07-28 00:00:00,76349.71,4 - Campfire,7,210,Jul
1491,2010,2010-07-29 00:00:00,692.8006,9 - Miscellaneous,7,210,Jul
127,2017,2017-07-29 00:00:00,4339.355,7 - Arson,7,210,Jul
1505,2010,2010-07-29 00:00:00,12582.28,2 - Equipment Use,7,210,Jul
18,2017,2017-07-29 00:00:00,155.1988,2 - Equipment Use,7,210,Jul
1081,2003,2003-07-29 00:00:00,5570.187,1 - Lightning,7,210,Jul
4,2017,2017-07-29 00:00:00,684.3565,14 - Unknown / Unidentified,7,210,Jul
1082,2003,2003-07-29 00:00:00,790.4635,1 - Lightning,7,210,Jul
1676,2012,2012-07-28 00:00:00,374.8729,7 - Arson,7,210,Jul
1875,2015,2015-07-29 00:00:00,175.0157,2 - Equipment Use,7,210,Jul
100,2017,2017-07-29 00:00:00,139.4669,1 - Lightning,7,210,Jul
1276,2007,2007-07-29 00:00:00,224.3175,14 - Unknown / Unidentified,7,210,Jul
1889,2015,2015-07-29 00:00:00,204.3927,5 - Debris,7,210,Jul
1781,2013,2013-07-29 00:00:00,576.6869,7 - Arson,7,210,Jul
1827,2014,2014-07-29 00:00:00,6181.773,1 - Lightning,7,210,Jul
1862,2015,2015-07-29 00:00:00,69438.16,9 - Miscellaneous,7,210,Jul
870,1954,1954-07-29 00:00:00,2677.333,15 - Structure,7,210,Jul
1147,2006,2006-07-29 00:00:00,3129.746,14 - Unknown / Unidentified,7,210,Jul
1929,2015,2015-07-30 00:00:00,12916.57,1 - Lightning,7,211,Jul
1928,2015,2015-07-30 00:00:00,4109.539,1 - Lightning,7,211,Jul
1598,2011,2011-07-30 00:00:00,267.3528,1 - Lightning,7,211,Jul
1927,2015,2015-07-30 00:00:00,500.9492,1 - Lightning,7,211,Jul
1931,2015,2015-07-30 00:00:00,243.6706,1 - Lightning,7,211,Jul
1924,2015,2015-07-30 00:00:00,68095.24,1 - Lightning,7,211,Jul
1923,2015,2015-07-30 00:00:00,757.9618,1 - Lightning,7,211,Jul
1922,2015,2015-07-30 00:00:00,15390.65,1 - Lightning,7,211,Jul
1921,2015,2015-07-30 00:00:00,6273.949,1 - Lightning,7,211,Jul
1920,2015,2015-07-30 00:00:00,8669.771,1 - Lightning,7,211,Jul
1629,2011,2011-07-30 00:00:00,1068.116,1 - Lightning,7,211,Jul
1919,2015,2015-07-30 00:00:00,2828.028,1 - Lightning,7,211,Jul
1918,2015,2015-07-30 00:00:00,3276.482,1 - Lightning,7,211,Jul
1926,2015,2015-07-30 00:00:00,17821.11,1 - Lightning,7,211,Jul
1925,2015,2015-07-30 00:00:00,378.9736,1 - Lightning,7,211,Jul
1933,2015,2015-07-30 00:00:00,675.5582,1 - Lightning,7,211,Jul
1636,2012,2012-07-29 00:00:00,245.7126,14 - Unknown / Unidentified,7,211,Jul
1832,2014,2014-07-30 00:00:00,33794.44,1 - Lightning,7,211,Jul
1,2017,2017-07-30 00:00:00,2284.596,7 - Arson,7,211,Jul
1831,2014,2014-07-30 00:00:00,3636.853,1 - Lightning,7,211,Jul
1830,2014,2014-07-30 00:00:00,32493.4,1 - Lightning,7,211,Jul
172,2017,2017-07-30 00:00:00,237.9169,7 - Arson,7,211,Jul
1829,2014,2014-07-30 00:00:00,5499.707,1 - Lightning,7,211,Jul
6,2017,2017-07-30 00:00:00,124.244,14 - Unknown / Unidentified,7,211,Jul
1817,2014,2014-07-30 00:00:00,39752.2,1 - Lightning,7,211,Jul
1799,2014,2014-07-30 00:00:00,12533.18,1 - Lightning,7,211,Jul
1942,2015,2015-07-30 00:00:00,4862.165,1 - Lightning,7,211,Jul
1941,2015,2015-07-30 00:00:00,283.2199,1 - Lightning,7,211,Jul
1940,2015,2015-07-30 00:00:00,147.2519,1 - Lightning,7,211,Jul
1939,2015,2015-07-30 00:00:00,1403.444,1 - Lightning,7,211,Jul
1938,2015,2015-07-30 00:00:00,787.353,1 - Lightning,7,211,Jul
1937,2015,2015-07-30 00:00:00,283.831,1 - Lightning,7,211,Jul
1936,2015,2015-07-30 00:00:00,202.7018,1 - Lightning,7,211,Jul
1935,2015,2015-07-30 00:00:00,1773.247,1 - Lightning,7,211,Jul
1932,2015,2015-07-30 00:00:00,400.2011,1 - Lightning,7,211,Jul
1915,2015,2015-07-30 00:00:00,662.1591,1 - Lightning,7,211,Jul
1802,2014,2014-07-30 00:00:00,35111.25,1 - Lightning,7,211,Jul
119,2017,2017-07-30 00:00:00,1282.467,2 - Equipment Use,7,211,Jul
1912,2015,2015-07-30 00:00:00,160.0666,1 - Lightning,7,211,Jul
1909,2015,2015-07-30 00:00:00,8305.019,1 - Lightning,7,211,Jul
1908,2015,2015-07-30 00:00:00,11012.8,1 - Lightning,7,211,Jul
1910,2015,2015-07-30 00:00:00,18192.03,1 - Lightning,7,211,Jul
1911,2015,2015-07-30 00:00:00,247.8912,1 - Lightning,7,211,Jul
1907,2015,2015-07-30 00:00:00,1530.955,1 - Lightning,7,211,Jul
1913,2015,2015-07-30 00:00:00,1420.48,1 - Lightning,7,211,Jul
1906,2015,2015-07-30 00:00:00,6803.031,1 - Lightning,7,211,Jul
1914,2015,2015-07-30 00:00:00,11439.25,1 - Lightning,7,211,Jul
31,2017,2017-07-31 00:00:00,188.1239,2 - Equipment Use,7,212,Jul
1141,2006,2006-07-31 00:00:00,198.0023,14 - Unknown / Unidentified,7,212,Jul
174,2017,2017-07-31 00:00:00,8577.552,1 - Lightning,7,212,Jul
1076,2003,2003-07-31 00:00:00,1041.117,1 - Lightning,7,212,Jul
1898,2015,2015-07-31 00:00:00,151546.8,1 - Lightning,7,212,Jul
156,2017,2017-07-31 00:00:00,394.8168,1 - Lightning,7,212,Jul
1901,2015,2015-07-31 00:00:00,11616.88,1 - Lightning,7,212,Jul
1740,2013,2013-07-31 00:00:00,14785.88,7 - Arson,7,212,Jul
1818,2014,2014-07-31 00:00:00,31995.22,9 - Miscellaneous,7,212,Jul
1779,2013,2013-07-31 00:00:00,22444.86,7 - Arson,7,212,Jul
1905,2015,2015-08-01 00:00:00,11524.46,1 - Lightning,8,213,Aug
1460,2009,2009-08-01 00:00:00,6846.62,1 - Lightning,8,213,Aug
1902,2015,2015-08-01 00:00:00,5682.627,1 - Lightning,8,213,Aug
1461,2009,2009-08-01 00:00:00,149.1274,1 - Lightning,8,213,Aug
1531,2011,2011-08-01 00:00:00,170.0369,1 - Lightning,8,213,Aug
367,1916,1916-07-31 00:00:00,179.4985,14 - Unknown / Unidentified,7,213,Jul
1900,2015,2015-08-01 00:00:00,7576.045,1 - Lightning,8,213,Aug
889,1959,1959-08-01 00:00:00,2855.725,3 - Smoking,8,213,Aug
1433,2009,2009-08-01 00:00:00,9354.167,1 - Lightning,8,213,Aug
1435,2009,2009-08-01 00:00:00,175.0094,1 - Lightning,8,213,Aug
1437,2009,2009-08-01 00:00:00,351.2415,9 - Miscellaneous,8,213,Aug
1459,2009,2009-08-01 00:00:00,3948.906,1 - Lightning,8,213,Aug
920,1967,1967-08-02 00:00:00,310.5741,7 - Arson,8,214,Aug
1904,2015,2015-08-02 00:00:00,639.9178,1 - Lightning,8,214,Aug
1422,2009,2009-08-02 00:00:00,141.8978,1 - Lightning,8,214,Aug
1695,2012,2012-08-01 00:00:00,309.349,2 - Equipment Use,8,214,Aug
1699,2012,2012-08-01 00:00:00,982.1165,9 - Miscellaneous,8,214,Aug
1217,2007,2007-08-02 00:00:00,108.1788,5 - Debris,8,214,Aug
1903,2015,2015-08-02 00:00:00,897.9925,1 - Lightning,8,214,Aug
1899,2015,2015-08-02 00:00:00,273.8199,2 - Equipment Use,8,214,Aug
976,1985,1985-08-02 00:00:00,982.3706,9 - Miscellaneous,8,214,Aug
1462,2009,2009-08-02 00:00:00,6098.186,1 - Lightning,8,214,Aug
1463,2009,2009-08-02 00:00:00,424.7899,1 - Lightning,8,214,Aug
129,2017,2017-08-02 00:00:00,450.84,1 - Lightning,8,214,Aug
176,2017,2017-08-03 00:00:00,7693.319,1 - Lightning,8,215,Aug
1513,2011,2011-08-03 00:00:00,674.2451,11 - Powerline,8,215,Aug
157,2017,2017-08-03 00:00:00,2294.247,1 - Lightning,8,215,Aug
1109,2006,2006-08-03 00:00:00,1432.379,10 - Vehicle,8,215,Aug
1485,2009,2009-08-03 00:00:00,1662.092,1 - Lightning,8,215,Aug
1194,2006,2006-08-03 00:00:00,183.241,2 - Equipment Use,8,215,Aug
1584,2011,2011-08-03 00:00:00,643.9498,10 - Vehicle,8,215,Aug
1880,2015,2015-08-03 00:00:00,10517.52,2 - Equipment Use,8,215,Aug
1739,2013,2013-08-03 00:00:00,101.2849,14 - Unknown / Unidentified,8,215,Aug
168,2017,2017-08-03 00:00:00,336.6238,7 - Arson,8,215,Aug
1018,1994,1994-08-04 00:00:00,7383.41,2 - Equipment Use,8,216,Aug
1017,1994,1994-08-04 00:00:00,7392.43,2 - Equipment Use,8,216,Aug
966,1979,1979-08-04 00:00:00,195.6933,3 - Smoking,8,216,Aug
1656,2012,2012-08-03 00:00:00,317.6489,2 - Equipment Use,8,216,Aug
1107,2006,2006-08-04 00:00:00,396.3876,2 - Equipment Use,8,216,Aug
903,1960,1960-08-04 00:00:00,795.1584,10 - Vehicle,8,217,Aug
1710,2012,2012-08-04 00:00:00,330.9691,1 - Lightning,8,217,Aug
1734,2013,2013-08-05 00:00:00,1384.327,9 - Miscellaneous,8,217,Aug
1706,2012,2012-08-04 00:00:00,144.3692,1 - Lightning,8,217,Aug
924,1968,1968-08-04 00:00:00,537.3134,7 - Arson,8,217,Aug
1712,2012,2012-08-04 00:00:00,180.1102,1 - Lightning,8,217,Aug
1782,2013,2013-08-05 00:00:00,1075.877,4 - Campfire,8,217,Aug
1347,2008,2008-08-04 00:00:00,2019.065,5 - Debris,8,217,Aug
1982,2016,2016-08-04 00:00:00,2822.047,1 - Lightning,8,217,Aug
1363,2008,2008-08-05 00:00:00,124.8194,1 - Lightning,8,218,Aug
1657,2012,2012-08-05 00:00:00,22266.95,1 - Lightning,8,218,Aug
1990,2016,2016-08-05 00:00:00,123.2366,2 - Equipment Use,8,218,Aug
125,2017,2017-08-06 00:00:00,855.2444,1 - Lightning,8,218,Aug
1042,1999,1999-08-06 00:00:00,325.1721,1 - Lightning,8,218,Aug
1111,2006,2006-08-06 00:00:00,239.8209,1 - Lightning,8,218,Aug
1601,2011,2011-08-06 00:00:00,1026.639,14 - Unknown / Unidentified,8,218,Aug
1658,2012,2012-08-05 00:00:00,229.4074,1 - Lightning,8,218,Aug
99,2017,2017-08-06 00:00:00,1019.992,1 - Lightning,8,218,Aug
1673,2012,2012-08-05 00:00:00,1664.821,1 - Lightning,8,218,Aug
1470,2009,2009-08-07 00:00:00,136.004,9 - Miscellaneous,8,219,Aug
935,1971,1971-08-07 00:00:00,163.7478,14 - Unknown / Unidentified,8,219,Aug
1004,1990,1990-08-07 00:00:00,240.2207,1 - Lightning,8,219,Aug
1707,2012,2012-08-06 00:00:00,717.9003,1 - Lightning,8,219,Aug
875,1955,1955-08-07 00:00:00,121.9698,5 - Debris,8,219,Aug
122,2017,2017-08-07 00:00:00,611.2015,1 - Lightning,8,219,Aug
107,2017,2017-08-07 00:00:00,1522.747,1 - Lightning,8,219,Aug
97,2017,2017-08-07 00:00:00,3372.92,1 - Lightning,8,219,Aug
151,2017,2017-08-07 00:00:00,115.3048,1 - Lightning,8,219,Aug
1108,2006,2006-08-07 00:00:00,2344.131,9 - Miscellaneous,8,219,Aug
1163,2006,2006-08-07 00:00:00,554.2803,1 - Lightning,8,219,Aug
1765,2013,2013-08-07 00:00:00,20308.45,14 - Unknown / Unidentified,8,219,Aug
1714,2012,2012-08-06 00:00:00,92944.53,1 - Lightning,8,219,Aug
113,2017,2017-08-07 00:00:00,3140.1,1 - Lightning,8,219,Aug
1011,1990,1990-08-07 00:00:00,17757.62,1 - Lightning,8,219,Aug
961,1978,1979-08-08 00:00:00,227.8784,1 - Lightning,8,220,Aug
132,2017,2017-08-08 00:00:00,9129.377,1 - Lightning,8,220,Aug
1984,2016,2016-08-07 00:00:00,8110.855,14 - Unknown / Unidentified,8,220,Aug
1125,2006,2006-08-08 00:00:00,774.4991,7 - Arson,8,220,Aug
969,1981,1981-08-08 00:00:00,860.0577,2 - Equipment Use,8,220,Aug
1489,2010,2010-08-08 00:00:00,906.6765,1 - Lightning,8,220,Aug
1438,2009,2009-08-08 00:00:00,97815.31,9 - Miscellaneous,8,220,Aug
960,1978,1978-08-08 00:00:00,1785.677,1 - Lightning,8,220,Aug
1722,2013,2013-08-08 00:00:00,245.4933,7 - Arson,8,220,Aug
77,2017,2017-08-09 00:00:00,120.2505,1 - Lightning,8,221,Aug
134,2017,2017-08-09 00:00:00,265.481,1 - Lightning,8,221,Aug
1720,2013,2013-08-09 00:00:00,206.0807,9 - Miscellaneous,8,221,Aug
1654,2012,2012-08-08 00:00:00,12575.24,1 - Lightning,8,221,Aug
1860,2015,2015-08-09 00:00:00,25118.38,14 - Unknown / Unidentified,8,221,Aug
1809,2014,2014-08-09 00:00:00,367.9901,14 - Unknown / Unidentified,8,221,Aug
1516,2011,2011-08-09 00:00:00,120.4073,14 - Unknown / Unidentified,8,221,Aug
936,1972,1972-08-08 00:00:00,158.2864,1 - Lightning,8,221,Aug
878,1957,1957-08-09 00:00:00,1072.017,14 - Unknown / Unidentified,8,221,Aug
1022,1994,1994-08-09 00:00:00,1434.064,3 - Smoking,8,221,Aug
1280,2007,2007-08-09 00:00:00,161.3853,4 - Campfire,8,221,Aug
1678,2012,2012-08-09 00:00:00,2006.962,1 - Lightning,8,222,Aug
1510,2010,2010-08-10 00:00:00,255.7537,7 - Arson,8,222,Aug
977,1985,1985-08-10 00:00:00,175.5644,2 - Equipment Use,8,222,Aug
1226,2007,2007-08-10 00:00:00,5671.028,14 - Unknown / Unidentified,8,222,Aug
1233,2007,2007-08-10 00:00:00,253.6503,7 - Arson,8,222,Aug
1085,2004,2004-08-09 00:00:00,1724.758,9 - Miscellaneous,8,222,Aug
1604,2011,2011-08-10 00:00:00,188.9787,2 - Equipment Use,8,222,Aug
179,2017,2017-08-10 00:00:00,32893.26,1 - Lightning,8,222,Aug
1981,2016,2016-08-09 00:00:00,372.9369,9 - Miscellaneous,8,222,Aug
1045,1999,1999-08-10 00:00:00,2750.984,1 - Lightning,8,222,Aug
1279,2007,2007-08-10 00:00:00,137.6334,2 - Equipment Use,8,222,Aug
109,2017,2017-08-10 00:00:00,21317.93,1 - Lightning,8,222,Aug
1787,2013,2013-08-10 00:00:00,27430.52,9 - Miscellaneous,8,222,Aug
1142,2006,2006-08-10 00:00:00,105.0062,14 - Unknown / Unidentified,8,222,Aug
1780,2013,2013-08-10 00:00:00,12541.42,1 - Lightning,8,222,Aug
1873,2015,2015-08-10 00:00:00,543.5366,10 - Vehicle,8,222,Aug
1833,2014,2014-08-11 00:00:00,173.4605,1 - Lightning,8,223,Aug
1659,2012,2012-08-10 00:00:00,1451.634,1 - Lightning,8,223,Aug
758,1937,1937-08-11 00:00:00,100.9449,14 - Unknown / Unidentified,8,223,Aug
1595,2011,2011-08-11 00:00:00,140.3277,10 - Vehicle,8,223,Aug
1834,2014,2014-08-11 00:00:00,133177.4,1 - Lightning,8,223,Aug
180,2017,2017-08-11 00:00:00,492.5997,1 - Lightning,8,223,Aug
53,2017,2017-08-11 00:00:00,114.1168,14 - Unknown / Unidentified,8,223,Aug
1716,2012,2012-08-10 00:00:00,440.8306,1 - Lightning,8,223,Aug
137,2017,2017-08-11 00:00:00,91125.33,1 - Lightning,8,223,Aug
1646,2012,2012-08-10 00:00:00,12015.21,1 - Lightning,8,223,Aug
1025,1995,1995-08-11 00:00:00,627.3762,2 - Equipment Use,8,223,Aug
138,2017,2017-08-11 00:00:00,63785.07,1 - Lightning,8,223,Aug
1016,1994,1994-08-11 00:00:00,1068.904,2 - Equipment Use,8,223,Aug
1823,2014,2014-08-12 00:00:00,100.7245,1 - Lightning,8,224,Aug
1439,2009,2009-08-12 00:00:00,287.0728,4 - Campfire,8,224,Aug
1679,2012,2012-08-11 00:00:00,109.8763,2 - Equipment Use,8,224,Aug
913,1962,1962-08-12 00:00:00,218.6129,9 - Miscellaneous,8,224,Aug
1464,2009,2009-08-12 00:00:00,1098.519,7 - Arson,8,224,Aug
1054,2001,2001-08-12 00:00:00,2447.371,4 - Campfire,8,224,Aug
1414,2009,2009-08-12 00:00:00,7783.064,14 - Unknown / Unidentified,8,224,Aug
1655,2012,2012-08-11 00:00:00,135.8578,3 - Smoking,8,224,Aug
1453,2009,2009-08-13 00:00:00,12242.76,9 - Miscellaneous,8,225,Aug
835,1950,1950-08-13 00:00:00,383.2239,14 - Unknown / Unidentified,8,225,Aug
1715,2012,2012-08-12 00:00:00,257.6587,1 - Lightning,8,225,Aug
52,2017,2017-08-13 00:00:00,123.1079,10 - Vehicle,8,225,Aug
1580,2011,2011-08-13 00:00:00,507.8069,3 - Smoking,8,225,Aug
1670,2012,2012-08-12 00:00:00,5102.583,14 - Unknown / Unidentified,8,225,Aug
1671,2012,2012-08-12 00:00:00,2831.423,14 - Unknown / Unidentified,8,225,Aug
34,2017,2017-08-13 00:00:00,577.6851,14 - Unknown / Unidentified,8,225,Aug
858,1953,1953-08-13 00:00:00,252.8548,1 - Lightning,8,225,Aug
1253,2007,2007-08-13 00:00:00,840.8372,2 - Equipment Use,8,225,Aug
177,2017,2017-08-13 00:00:00,7560.077,1 - Lightning,8,225,Aug
841,1951,1951-08-13 00:00:00,8782.354,14 - Unknown / Unidentified,8,225,Aug
843,1951,1951-08-13 00:00:00,629.0247,3 - Smoking,8,225,Aug
1685,2012,2012-08-12 00:00:00,227.1395,1 - Lightning,8,225,Aug
1687,2012,2012-08-12 00:00:00,315511.5,1 - Lightning,8,225,Aug
1451,2009,2009-08-13 00:00:00,139.9773,2 - Equipment Use,8,225,Aug
1960,2016,2016-08-13 00:00:00,46233.92,10 - Vehicle,8,226,Aug
1943,2015,2015-08-14 00:00:00,3815.886,9 - Miscellaneous,8,226,Aug
1477,2009,2009-08-14 00:00:00,112.4652,9 - Miscellaneous,8,226,Aug
1812,2014,2014-08-14 00:00:00,190.0584,1 - Lightning,8,226,Aug
1649,2012,2012-08-13 00:00:00,10630.23,1 - Lightning,8,226,Aug
1650,2012,2012-08-13 00:00:00,519.3954,1 - Lightning,8,226,Aug
1652,2012,2012-08-13 00:00:00,11667.14,1 - Lightning,8,226,Aug
33,2017,2017-08-14 00:00:00,521.0856,11 - Powerline,8,226,Aug
789,1941,1941-08-15 00:00:00,493.5758,14 - Unknown / Unidentified,8,227,Aug
1445,2009,2009-08-15 00:00:00,3828.632,11 - Powerline,8,227,Aug
1030,1996,1996-08-14 00:00:00,20943.97,1 - Lightning,8,227,Aug
1031,1996,1996-08-14 00:00:00,59111.76,1 - Lightning,8,227,Aug
1341,2008,2008-08-14 00:00:00,588.9744,7 - Arson,8,227,Aug
1692,2012,2012-08-14 00:00:00,2637.363,1 - Lightning,8,227,Aug
1517,2011,2011-08-15 00:00:00,134.3597,2 - Equipment Use,8,227,Aug
1342,2008,2008-08-14 00:00:00,463.0821,7 - Arson,8,227,Aug
1448,2009,2009-08-16 00:00:00,274.0204,9 - Miscellaneous,8,228,Aug
1015,1994,1994-08-16 00:00:00,48056.47,7 - Arson,8,228,Aug
1684,2012,2012-08-15 00:00:00,154.7332,1 - Lightning,8,228,Aug
1294,2008,2008-08-15 00:00:00,169.0448,11 - Powerline,8,228,Aug
1301,2008,2008-08-15 00:00:00,110.4023,14 - Unknown / Unidentified,8,228,Aug
455,1919,1919-08-16 00:00:00,162.0278,14 - Unknown / Unidentified,8,228,Aug
1865,2015,2015-08-16 00:00:00,2445.945,10 - Vehicle,8,228,Aug
1859,2015,2015-08-16 00:00:00,234.188,14 - Unknown / Unidentified,8,228,Aug
1528,2011,2011-08-16 00:00:00,215.6143,10 - Vehicle,8,228,Aug
1013,1992,1992-08-16 00:00:00,17419.34,10 - Vehicle,8,229,Aug
1783,2013,2013-08-17 00:00:00,256175.5,4 - Campfire,8,229,Aug
944,1973,1973-08-17 00:00:00,16290.28,2 - Equipment Use,8,229,Aug
1835,2014,2014-08-17 00:00:00,116.9587,14 - Unknown / Unidentified,8,229,Aug
947,1974,1974-08-17 00:00:00,148.5012,9 - Miscellaneous,8,229,Aug
1559,2011,2011-08-17 00:00:00,155.2015,10 - Vehicle,8,229,Aug
1985,2016,2016-08-16 00:00:00,36266.7,9 - Miscellaneous,8,229,Aug
1592,2011,2011-08-17 00:00:00,149.2061,10 - Vehicle,8,229,Aug
1811,2014,2014-08-17 00:00:00,268.8589,9 - Miscellaneous,8,229,Aug
1992,2016,2016-08-16 00:00:00,29100.56,9 - Miscellaneous,8,229,Aug
1777,2013,2013-08-18 00:00:00,378.6183,1 - Lightning,8,230,Aug
1596,2011,2011-08-18 00:00:00,2075.78,14 - Unknown / Unidentified,8,230,Aug
1762,2013,2013-08-18 00:00:00,335.9537,1 - Lightning,8,230,Aug
1021,1994,1994-08-18 00:00:00,119.7395,2 - Equipment Use,8,230,Aug
1364,2008,2008-08-17 00:00:00,379.5061,1 - Lightning,8,230,Aug
1778,2013,2013-08-18 00:00:00,411.8869,1 - Lightning,8,230,Aug
1357,2008,2008-08-17 00:00:00,133.4808,9 - Miscellaneous,8,230,Aug
101,2017,2017-08-18 00:00:00,4423.208,1 - Lightning,8,230,Aug
1686,2012,2012-08-17 00:00:00,3659.465,1 - Lightning,8,230,Aug
1798,2014,2014-08-18 00:00:00,3882.421,14 - Unknown / Unidentified,8,230,Aug
778,1940,1940-08-17 00:00:00,439.6002,14 - Unknown / Unidentified,8,230,Aug
1789,2013,2013-08-18 00:00:00,161.9402,10 - Vehicle,8,230,Aug
105,2017,2017-08-18 00:00:00,134.3042,1 - Lightning,8,230,Aug
1788,2013,2013-08-18 00:00:00,14267.09,1 - Lightning,8,230,Aug
1059,2001,2001-08-19 00:00:00,184.754,2 - Equipment Use,8,231,Aug
1548,2011,2011-08-19 00:00:00,561.7266,1 - Lightning,8,231,Aug
1723,2013,2013-08-19 00:00:00,406.6946,1 - Lightning,8,231,Aug
1360,2008,2008-08-18 00:00:00,134.9656,10 - Vehicle,8,231,Aug
1660,2012,2012-08-18 00:00:00,146.9889,14 - Unknown / Unidentified,8,231,Aug
1696,2012,2012-08-18 00:00:00,46040.15,1 - Lightning,8,231,Aug
899,1960,1960-08-18 00:00:00,43373.97,5 - Debris,8,231,Aug
1771,2013,2013-08-19 00:00:00,182.4396,1 - Lightning,8,231,Aug
1532,2011,2011-08-20 00:00:00,179.29,9 - Miscellaneous,8,232,Aug
1999,2016,2016-08-19 00:00:00,649.8756,1 - Lightning,8,232,Aug
1212,2007,2007-08-20 00:00:00,501.5787,8 - Playing with fire,8,232,Aug
1492,2010,2010-08-20 00:00:00,100.5452,9 - Miscellaneous,8,232,Aug
38,2017,2017-08-20 00:00:00,867.0196,11 - Powerline,8,232,Aug
1260,2007,2007-08-20 00:00:00,100.158,1 - Lightning,8,232,Aug
43,2017,2017-08-21 00:00:00,142.9097,14 - Unknown / Unidentified,8,233,Aug
1423,2009,2009-08-21 00:00:00,1736.917,9 - Miscellaneous,8,233,Aug
902,1960,1960-08-20 00:00:00,42595.99,3 - Smoking,8,233,Aug
1012,1991,1991-08-21 00:00:00,1504.888,4 - Campfire,8,233,Aug
1117,2006,2006-08-21 00:00:00,459.9042,4 - Campfire,8,233,Aug
1694,2012,2012-08-20 00:00:00,402.8371,2 - Equipment Use,8,233,Aug
1019,1994,1994-08-21 00:00:00,1843.657,7 - Arson,8,233,Aug
629,1927,1927-08-21 00:00:00,831.0958,14 - Unknown / Unidentified,8,233,Aug
1254,2007,2007-08-22 00:00:00,102.2803,14 - Unknown / Unidentified,8,234,Aug
1863,2015,2015-08-22 00:00:00,138.7429,2 - Equipment Use,8,234,Aug
1520,2011,2011-08-22 00:00:00,322.3915,2 - Equipment Use,8,234,Aug
1600,2011,2011-08-22 00:00:00,167.3494,2 - Equipment Use,8,234,Aug
1263,2007,2007-08-22 00:00:00,420.3179,4 - Campfire,8,234,Aug
1148,2006,2006-08-22 00:00:00,122.3877,10 - Vehicle,8,234,Aug
1672,2012,2012-08-21 00:00:00,622.2993,1 - Lightning,8,234,Aug
532,1923,1923-08-22 00:00:00,164.6784,14 - Unknown / Unidentified,8,234,Aug
78,2017,2017-08-22 00:00:00,203.9681,1 - Lightning,8,234,Aug
152,2017,2017-08-23 00:00:00,281.273,1 - Lightning,8,235,Aug
531,1923,1923-08-23 00:00:00,116.0171,14 - Unknown / Unidentified,8,235,Aug
1791,2013,2013-08-23 00:00:00,681.3786,1 - Lightning,8,235,Aug
850,1953,1953-08-23 00:00:00,556.6123,14 - Unknown / Unidentified,8,235,Aug
1775,2013,2013-08-23 00:00:00,2049.495,1 - Lightning,8,235,Aug
1993,2016,2016-08-22 00:00:00,387.5226,9 - Miscellaneous,8,235,Aug
1044,1999,1999-08-23 00:00:00,3994.689,2 - Equipment Use,8,235,Aug
1026,1995,1995-08-23 00:00:00,624.1534,7 - Arson,8,235,Aug
153,2017,2017-08-23 00:00:00,313.2321,1 - Lightning,8,235,Aug
397,1917,1917-08-24 00:00:00,992.2884,1 - Lightning,8,236,Aug
682,1931,1931-08-24 00:00:00,12927.57,14 - Unknown / Unidentified,8,236,Aug
1115,2006,2006-08-24 00:00:00,344.6708,1 - Lightning,8,236,Aug
685,1932,1932-08-23 00:00:00,325.8452,7 - Arson,8,236,Aug
512,1921,1921-08-24 00:00:00,9048.35,14 - Unknown / Unidentified,8,236,Aug
873,1955,1955-08-24 00:00:00,1486.237,9 - Miscellaneous,8,236,Aug
1123,2006,2006-08-24 00:00:00,209.4517,10 - Vehicle,8,236,Aug
854,1953,1953-08-25 00:00:00,127.5747,14 - Unknown / Unidentified,8,237,Aug
1968,2016,2016-08-24 00:00:00,709.8526,9 - Miscellaneous,8,237,Aug
1874,2015,2015-08-25 00:00:00,123.6968,14 - Unknown / Unidentified,8,237,Aug
1618,2011,2011-08-25 00:00:00,5230.338,2 - Equipment Use,8,237,Aug
1406,2009,2009-08-25 00:00:00,2236.504,7 - Arson,8,237,Aug
1481,2009,2009-08-26 00:00:00,7553.215,18 - Escaped Prescribed Burn,8,238,Aug
1246,2007,2007-08-26 00:00:00,186.809,1 - Lightning,8,238,Aug
845,1952,1952-08-25 00:00:00,179.4342,14 - Unknown / Unidentified,8,238,Aug
79,2017,2017-08-26 00:00:00,148.6008,9 - Miscellaneous,8,238,Aug
96,2017,2017-08-26 00:00:00,110.8288,2 - Equipment Use,8,238,Aug
1407,2009,2009-08-26 00:00:00,160833.1,7 - Arson,8,238,Aug
1587,2011,2011-08-27 00:00:00,160.2964,1 - Lightning,8,239,Aug
1507,2010,2010-08-27 00:00:00,1289.09,14 - Unknown / Unidentified,8,239,Aug
514,1922,1922-08-27 00:00:00,128.5515,14 - Unknown / Unidentified,8,239,Aug
1237,2007,2007-08-27 00:00:00,1004.114,1 - Lightning,8,239,Aug
1410,2009,2009-08-27 00:00:00,2410.618,9 - Miscellaneous,8,239,Aug
1296,2008,2008-08-26 00:00:00,167.1212,8 - Playing with fire,8,239,Aug
1631,2011,2011-08-27 00:00:00,1708.175,1 - Lightning,8,239,Aug
1579,2011,2011-08-27 00:00:00,702.765,7 - Arson,8,239,Aug
1526,2011,2011-08-27 00:00:00,134.7687,4 - Campfire,8,239,Aug
1432,2009,2009-08-27 00:00:00,852.8038,2 - Equipment Use,8,239,Aug
1575,2011,2011-08-27 00:00:00,355.5502,1 - Lightning,8,239,Aug
1573,2011,2011-08-27 00:00:00,113.5577,1 - Lightning,8,239,Aug
1497,2010,2010-08-28 00:00:00,105.7345,1 - Lightning,8,240,Aug
441,1919,1919-08-28 00:00:00,105.0598,14 - Unknown / Unidentified,8,240,Aug
1441,2009,2009-08-28 00:00:00,281.3444,14 - Unknown / Unidentified,8,240,Aug
1537,2011,2011-08-28 00:00:00,141.8243,1 - Lightning,8,240,Aug
921,1967,1967-08-28 00:00:00,160.3899,1 - Lightning,8,240,Aug
1973,2016,2016-08-27 00:00:00,303.7996,14 - Unknown / Unidentified,8,240,Aug
995,1987,1987-08-28 00:00:00,519.2816,2 - Equipment Use,8,240,Aug
868,1954,1954-08-29 00:00:00,209.771,14 - Unknown / Unidentified,8,241,Aug
115,2017,2017-08-29 00:00:00,36619.43,7 - Arson,8,241,Aug
1261,2007,2007-08-29 00:00:00,102.3471,1 - Lightning,8,241,Aug
160,2017,2017-08-29 00:00:00,4015.732,7 - Arson,8,241,Aug
1164,2006,2006-08-29 00:00:00,2131.008,9 - Miscellaneous,8,241,Aug
1240,2007,2007-08-29 00:00:00,597.4792,1 - Lightning,8,241,Aug
1455,2009,2009-08-29 00:00:00,1688.594,10 - Vehicle,8,241,Aug
82,2017,2017-08-29 00:00:00,166.8586,1 - Lightning,8,241,Aug
987,1987,1987-08-29 00:00:00,9242.692,1 - Lightning,8,241,Aug
1264,2007,2007-08-29 00:00:00,1438.386,2 - Equipment Use,8,241,Aug
123,2017,2017-08-29 00:00:00,12371.15,9 - Miscellaneous,8,241,Aug
983,1987,1987-08-29 00:00:00,1971.537,1 - Lightning,8,241,Aug
1268,2007,2007-08-29 00:00:00,101.0002,1 - Lightning,8,241,Aug
689,1932,1932-08-28 00:00:00,196.7836,7 - Arson,8,241,Aug
80,2017,2017-08-29 00:00:00,214.6641,1 - Lightning,8,241,Aug
81,2017,2017-08-29 00:00:00,6036.065,1 - Lightning,8,241,Aug
83,2017,2017-08-29 00:00:00,8923.495,1 - Lightning,8,241,Aug
1602,2011,2011-08-29 00:00:00,411.1817,2 - Equipment Use,8,241,Aug
1590,2011,2011-08-29 00:00:00,191.5002,11 - Powerline,8,241,Aug
998,1987,1987-08-30 00:00:00,48086.96,1 - Lightning,8,242,Aug
1443,2009,2009-08-30 00:00:00,343.3381,7 - Arson,8,242,Aug
73,2017,2017-08-30 00:00:00,18601.98,1 - Lightning,8,242,Aug
1283,2007,2007-08-30 00:00:00,331.6247,1 - Lightning,8,242,Aug
990,1987,1987-08-30 00:00:00,33143.88,1 - Lightning,8,242,Aug
95,2017,2017-08-30 00:00:00,102.2866,2 - Equipment Use,8,242,Aug
994,1987,1987-08-30 00:00:00,701.407,1 - Lightning,8,242,Aug
1998,2016,2016-08-29 00:00:00,184.5866,9 - Miscellaneous,8,242,Aug
37,2017,2017-08-30 00:00:00,392.4852,14 - Unknown / Unidentified,8,242,Aug
1006,1990,1990-08-30 00:00:00,1942.038,9 - Miscellaneous,8,242,Aug
98,2017,2017-08-30 00:00:00,18493.71,9 - Miscellaneous,8,242,Aug
1957,2016,2016-08-29 00:00:00,447.9559,10 - Vehicle,8,242,Aug
1078,2003,2003-08-31 00:00:00,1826.036,1 - Lightning,8,243,Aug
871,1955,1955-08-31 00:00:00,338.7066,14 - Unknown / Unidentified,8,243,Aug
1071,2003,2003-08-31 00:00:00,1003.49,1 - Lightning,8,243,Aug
984,1987,1987-08-31 00:00:00,894.5693,1 - Lightning,8,243,Aug
1066,2003,2003-08-31 00:00:00,841.4244,1 - Lightning,8,243,Aug
1070,2003,2003-08-31 00:00:00,4336.844,1 - Lightning,8,243,Aug
1077,2003,2003-08-31 00:00:00,1762.79,1 - Lightning,8,243,Aug
978,1985,1985-08-31 00:00:00,332.0352,7 - Arson,8,243,Aug
993,1987,1987-08-31 00:00:00,45020.3,1 - Lightning,8,243,Aug
1978,2016,2016-08-30 00:00:00,1458.703,14 - Unknown / Unidentified,8,243,Aug
989,1987,1987-08-31 00:00:00,8741.059,1 - Lightning,8,243,Aug
1689,2012,2012-08-31 00:00:00,121.8342,4 - Campfire,8,244,Aug
1609,2011,2011-09-01 00:00:00,120.1135,2 - Equipment Use,9,244,Sep
116,2017,2017-09-01 00:00:00,1321.26,1 - Lightning,9,244,Sep
992,1987,1987-09-01 00:00:00,4339.02,9 - Miscellaneous,9,244,Sep
175,2017,2017-09-01 00:00:00,7051.351,14 - Unknown / Unidentified,9,244,Sep
991,1987,1987-09-01 00:00:00,6523.606,1 - Lightning,9,244,Sep
44,2017,2017-09-01 00:00:00,135.0444,14 - Unknown / Unidentified,9,244,Sep
2006,2016,2016-08-31 00:00:00,146.0501,9 - Miscellaneous,8,244,Aug
1705,2012,2012-08-31 00:00:00,167.6615,9 - Miscellaneous,8,244,Aug
1864,2015,2015-09-02 00:00:00,670.2086,2 - Equipment Use,9,245,Sep
1519,2011,2011-09-02 00:00:00,1159.325,14 - Unknown / Unidentified,9,245,Sep
915,1965,1965-09-02 00:00:00,158.1888,3 - Smoking,9,245,Sep
1703,2012,2012-09-01 00:00:00,247.864,9 - Miscellaneous,9,245,Sep
985,1987,1987-09-02 00:00:00,65468.35,1 - Lightning,9,245,Sep
32,2017,2017-09-02 00:00:00,3872.152,9 - Miscellaneous,9,245,Sep
1465,2009,2009-09-02 00:00:00,103.3653,7 - Arson,9,245,Sep
1170,2006,2006-09-02 00:00:00,35093.77,9 - Miscellaneous,9,245,Sep
928,1968,1968-09-02 00:00:00,183.5002,14 - Unknown / Unidentified,9,246,Sep
102,2017,2017-09-03 00:00:00,1747.87,1 - Lightning,9,246,Sep
1074,2003,2003-09-03 00:00:00,142.5522,1 - Lightning,9,246,Sep
1638,2012,2012-09-02 00:00:00,4192.321,14 - Unknown / Unidentified,9,246,Sep
45,2017,2017-09-03 00:00:00,677.8926,10 - Vehicle,9,246,Sep
1069,2003,2003-09-03 00:00:00,11043.56,1 - Lightning,9,246,Sep
1581,2011,2011-09-03 00:00:00,675.5593,2 - Equipment Use,9,246,Sep
1227,2007,2007-09-03 00:00:00,64959.96,2 - Equipment Use,9,246,Sep
1200,2006,2006-09-03 00:00:00,177.7769,8 - Playing with fire,9,246,Sep
47,2017,2017-09-03 00:00:00,988.4675,11 - Powerline,9,246,Sep
1613,2011,2011-09-03 00:00:00,1533.496,2 - Equipment Use,9,246,Sep
22,2017,2017-09-03 00:00:00,109.1915,14 - Unknown / Unidentified,9,246,Sep
1711,2012,2012-09-02 00:00:00,254.0029,9 - Miscellaneous,9,246,Sep
997,1987,1987-09-03 00:00:00,1813.505,1 - Lightning,9,246,Sep
836,1950,1950-09-03 00:00:00,1562.222,14 - Unknown / Unidentified,9,246,Sep
1619,2011,2011-09-04 00:00:00,1121.115,7 - Arson,9,247,Sep
1626,2011,2011-09-04 00:00:00,334.6219,7 - Arson,9,247,Sep
1556,2011,2011-09-04 00:00:00,14585.36,16 - Aircraft,9,247,Sep
1196,2006,2006-09-04 00:00:00,161815.7,5 - Debris,9,247,Sep
837,1950,1950-09-04 00:00:00,684.9049,14 - Unknown / Unidentified,9,247,Sep
1702,2012,2012-09-04 00:00:00,148.9871,2 - Equipment Use,9,248,Sep
1578,2011,2011-09-05 00:00:00,298.8475,15 - Structure,9,248,Sep
1231,2007,2006-09-05 00:00:00,8421.044,9 - Miscellaneous,9,248,Sep
1667,2012,2012-09-04 00:00:00,17942.15,7 - Arson,9,248,Sep
1806,2014,2014-09-05 00:00:00,270.0612,10 - Vehicle,9,248,Sep
128,2017,2017-09-05 00:00:00,446.1815,1 - Lightning,9,248,Sep
884,1958,1958-09-06 00:00:00,238.0804,14 - Unknown / Unidentified,9,249,Sep
882,1957,1957-09-06 00:00:00,673.8497,7 - Arson,9,249,Sep
1499,2010,2010-09-06 00:00:00,126.0102,14 - Unknown / Unidentified,9,249,Sep
1502,2010,2010-09-06 00:00:00,202.355,2 - Equipment Use,9,249,Sep
1961,2016,2016-09-05 00:00:00,739.5639,10 - Vehicle,9,249,Sep
1700,2012,2012-09-05 00:00:00,4406.525,9 - Miscellaneous,9,249,Sep
1127,2006,2006-09-06 00:00:00,584.8881,1 - Lightning,9,249,Sep
1647,2012,2012-09-05 00:00:00,9965.598,11 - Powerline,9,249,Sep
880,1957,1957-09-07 00:00:00,5948.688,14 - Unknown / Unidentified,9,250,Sep
121,2017,2017-09-07 00:00:00,145.1785,1 - Lightning,9,250,Sep
136,2017,2017-09-07 00:00:00,113.9625,1 - Lightning,9,250,Sep
133,2017,2017-09-07 00:00:00,101.367,1 - Lightning,9,250,Sep
1295,2008,2008-09-07 00:00:00,154.6619,7 - Arson,9,251,Sep
1769,2013,2013-09-08 00:00:00,3107.727,9 - Miscellaneous,9,251,Sep
887,1959,1959-09-08 00:00:00,299.2552,4 - Campfire,9,251,Sep
1014,1992,1992-09-07 00:00:00,3872.959,3 - Smoking,9,251,Sep
1944,2015,2015-09-08 00:00:00,107.9033,14 - Unknown / Unidentified,9,251,Sep
139,2017,2017-09-08 00:00:00,426.7024,1 - Lightning,9,251,Sep
1677,2012,2012-09-07 00:00:00,4509.288,4 - Campfire,9,251,Sep
881,1957,1957-09-08 00:00:00,2788.722,14 - Unknown / Unidentified,9,251,Sep
1774,2013,2013-09-08 00:00:00,179.3931,1 - Lightning,9,251,Sep
829,1949,1949-09-08 00:00:00,342.4278,1 - Lightning,9,251,Sep
1770,2013,2013-09-09 00:00:00,8075.774,7 - Arson,9,252,Sep
942,1973,1973-09-09 00:00:00,318.6587,9 - Miscellaneous,9,252,Sep
1890,2015,2015-09-09 00:00:00,137.3257,14 - Unknown / Unidentified,9,252,Sep
1043,1999,1999-09-09 00:00:00,114.1993,1 - Lightning,9,252,Sep
852,1953,1953-09-09 00:00:00,24609.81,14 - Unknown / Unidentified,9,252,Sep
1735,2013,2013-09-09 00:00:00,263.2317,9 - Miscellaneous,9,252,Sep
1623,2011,2011-09-09 00:00:00,1122.455,1 - Lightning,9,252,Sep
1566,2011,2011-09-10 00:00:00,3438.941,1 - Lightning,9,253,Sep
1565,2011,2011-09-10 00:00:00,550.7938,1 - Lightning,9,253,Sep
1563,2011,2011-09-10 00:00:00,3068.719,1 - Lightning,9,253,Sep
1562,2011,2011-09-10 00:00:00,283.8314,1 - Lightning,9,253,Sep
1561,2011,2011-09-10 00:00:00,217.545,1 - Lightning,9,253,Sep
1560,2011,2011-09-10 00:00:00,465.2943,1 - Lightning,9,253,Sep
1555,2011,2011-09-10 00:00:00,552.2788,1 - Lightning,9,253,Sep
1569,2011,2011-09-10 00:00:00,5899.568,1 - Lightning,9,253,Sep
1554,2011,2011-09-10 00:00:00,25223.41,1 - Lightning,9,253,Sep
1553,2011,2011-09-10 00:00:00,561.4402,1 - Lightning,9,253,Sep
1552,2011,2011-09-10 00:00:00,2577.548,1 - Lightning,9,253,Sep
1551,2011,2011-09-10 00:00:00,1711.335,1 - Lightning,9,253,Sep
1616,2011,2011-09-10 00:00:00,135.8848,1 - Lightning,9,253,Sep
1518,2011,2011-09-10 00:00:00,182.72,1 - Lightning,9,253,Sep
1558,2011,2011-09-10 00:00:00,25939.01,1 - Lightning,9,253,Sep
1571,2011,2011-09-10 00:00:00,633.4729,1 - Lightning,9,253,Sep
1760,2013,2013-09-10 00:00:00,254.6736,14 - Unknown / Unidentified,9,253,Sep
1564,2011,2011-09-10 00:00:00,2709.766,1 - Lightning,9,253,Sep
1056,2001,2001-09-10 00:00:00,280.1865,2 - Equipment Use,9,253,Sep
1582,2011,2011-09-10 00:00:00,107.0067,1 - Lightning,9,253,Sep
1583,2011,2011-09-10 00:00:00,124.81,1 - Lightning,9,253,Sep
1776,2013,2013-09-10 00:00:00,439.6849,9 - Miscellaneous,9,253,Sep
1882,2015,2015-09-11 00:00:00,1045.756,7 - Arson,9,254,Sep
104,2017,2017-09-11 00:00:00,510.1094,1 - Lightning,9,254,Sep
1628,2011,2011-09-11 00:00:00,484.8282,1 - Lightning,9,254,Sep
1557,2011,2011-09-11 00:00:00,2130.331,1 - Lightning,9,254,Sep
1814,2014,2014-09-12 00:00:00,959.0129,9 - Miscellaneous,9,255,Sep
1230,2007,2007-09-12 00:00:00,2111.768,4 - Campfire,9,255,Sep
1970,2016,2016-09-11 00:00:00,2573.955,14 - Unknown / Unidentified,9,255,Sep
1487,2010,2010-09-12 00:00:00,9336.107,9 - Miscellaneous,9,255,Sep
1540,2011,2011-09-12 00:00:00,482.9054,1 - Lightning,9,255,Sep
1969,2016,2016-09-11 00:00:00,379.6225,6 - Railroad,9,255,Sep
124,2017,2017-09-12 00:00:00,13357.28,1 - Lightning,9,255,Sep
1846,2014,2014-09-12 00:00:00,210.1771,10 - Vehicle,9,255,Sep
20,2017,2017-09-12 00:00:00,994.0728,1 - Lightning,9,255,Sep
1701,2012,2012-09-11 00:00:00,551.6505,9 - Miscellaneous,9,255,Sep
1866,2015,2015-09-12 00:00:00,76084.84,14 - Unknown / Unidentified,9,255,Sep
1475,2009,2009-09-12 00:00:00,161.6785,1 - Lightning,9,255,Sep
1815,2014,2014-09-13 00:00:00,97684.55,7 - Arson,9,256,Sep
1087,2004,2004-09-12 00:00:00,721.4598,9 - Miscellaneous,9,256,Sep
1039,1998,1998-09-13 00:00:00,841.2689,9 - Miscellaneous,9,256,Sep
1800,2014,2014-09-13 00:00:00,403.2066,2 - Equipment Use,9,256,Sep
291,1913,1913-09-13 00:00:00,2414.706,14 - Unknown / Unidentified,9,256,Sep
349,1916,1916-09-12 00:00:00,471.8914,14 - Unknown / Unidentified,9,256,Sep
1005,1990,1990-09-13 00:00:00,2449.105,9 - Miscellaneous,9,256,Sep
1840,2014,2014-09-13 00:00:00,248.0788,14 - Unknown / Unidentified,9,256,Sep
1630,2011,2011-09-13 00:00:00,1014.106,1 - Lightning,9,256,Sep
1523,2011,2011-09-13 00:00:00,5799.841,14 - Unknown / Unidentified,9,256,Sep
1997,2016,2016-09-13 00:00:00,149.4954,2 - Equipment Use,9,257,Sep
1954,2016,2016-09-13 00:00:00,320.7015,11 - Powerline,9,257,Sep
1664,2012,2012-09-13 00:00:00,230.5122,9 - Miscellaneous,9,257,Sep
1805,2014,2014-09-14 00:00:00,290.9412,5 - Debris,9,257,Sep
1270,2007,2007-09-14 00:00:00,13736.27,9 - Miscellaneous,9,257,Sep
362,1916,1916-09-14 00:00:00,3440.768,14 - Unknown / Unidentified,9,258,Sep
1058,2001,2001-09-15 00:00:00,101.1367,1 - Lightning,9,258,Sep
1801,2014,2014-09-15 00:00:00,516.2928,7 - Arson,9,258,Sep
354,1916,1916-09-14 00:00:00,242.1689,14 - Unknown / Unidentified,9,258,Sep
1205,2007,2007-09-15 00:00:00,832.1265,4 - Campfire,9,258,Sep
847,1952,1952-09-14 00:00:00,383.7737,2 - Equipment Use,9,258,Sep
1255,2007,2007-09-15 00:00:00,103.7546,2 - Equipment Use,9,258,Sep
844,1951,1951-09-15 00:00:00,571.4052,3 - Smoking,9,258,Sep
734,1935,1935-09-16 00:00:00,585.5799,14 - Unknown / Unidentified,9,259,Sep
2011,2016,2016-09-15 00:00:00,796.3287,1 - Lightning,9,259,Sep
454,1919,1919-09-16 00:00:00,360.8961,14 - Unknown / Unidentified,9,259,Sep
1512,2011,2011-09-17 00:00:00,601.9916,9 - Miscellaneous,9,260,Sep
171,2017,2017-09-17 00:00:00,130.7719,14 - Unknown / Unidentified,9,260,Sep
1794,2014,2014-09-18 00:00:00,336.0759,11 - Powerline,9,261,Sep
1989,2016,2016-09-17 00:00:00,5461.392,9 - Miscellaneous,9,261,Sep
2009,2016,2016-09-17 00:00:00,133.148,7 - Arson,9,261,Sep
84,2017,2017-09-18 00:00:00,482.3408,11 - Powerline,9,261,Sep
2010,2016,2016-09-17 00:00:00,2512.539,7 - Arson,9,261,Sep
457,1919,1919-09-18 00:00:00,576.988,14 - Unknown / Unidentified,9,261,Sep
1168,2006,2006-09-19 00:00:00,2505.519,7 - Arson,9,262,Sep
87,2017,2017-09-19 00:00:00,236.9534,2 - Equipment Use,9,262,Sep
1167,2006,2006-09-19 00:00:00,114.4361,4 - Campfire,9,262,Sep
1449,2009,2009-09-19 00:00:00,310.5701,9 - Miscellaneous,9,262,Sep
1132,2006,2006-09-19 00:00:00,2097.263,9 - Miscellaneous,9,262,Sep
21,2017,2017-09-19 00:00:00,157.2408,14 - Unknown / Unidentified,9,262,Sep
13,2017,2017-09-20 00:00:00,244.789,2 - Equipment Use,9,263,Sep
912,1962,1962-09-20 00:00:00,189.4272,4 - Campfire,9,263,Sep
1122,2006,2006-09-20 00:00:00,228.2242,14 - Unknown / Unidentified,9,263,Sep
515,1922,1922-09-20 00:00:00,115.3845,14 - Unknown / Unidentified,9,263,Sep
965,1979,1979-09-20 00:00:00,115.2215,7 - Arson,9,263,Sep
1232,2007,2007-09-21 00:00:00,282.3937,1 - Lightning,9,264,Sep
869,1954,1954-09-21 00:00:00,226.3591,3 - Smoking,9,264,Sep
1145,2006,2006-09-21 00:00:00,725.167,7 - Arson,9,264,Sep
1146,2006,2006-09-22 00:00:00,13968.88,14 - Unknown / Unidentified,9,265,Sep
1143,2006,2006-09-22 00:00:00,377.3311,11 - Powerline,9,265,Sep
1478,2009,2009-09-22 00:00:00,17526.69,14 - Unknown / Unidentified,9,265,Sep
1697,2012,2012-09-21 00:00:00,268.6776,9 - Miscellaneous,9,265,Sep
1962,2016,2016-09-22 00:00:00,142.63,10 - Vehicle,9,266,Sep
1625,2011,2011-09-23 00:00:00,342.8059,1 - Lightning,9,266,Sep
1183,2006,2006-09-23 00:00:00,209.2221,7 - Arson,9,266,Sep
1620,2011,2011-09-23 00:00:00,1457.138,5 - Debris,9,266,Sep
1549,2011,2011-09-23 00:00:00,2003.45,1 - Lightning,9,266,Sep
1545,2011,2011-09-23 00:00:00,214.0219,14 - Unknown / Unidentified,9,266,Sep
1412,2009,2009-09-23 00:00:00,348.1416,14 - Unknown / Unidentified,9,266,Sep
1534,2011,2011-09-23 00:00:00,138.65,14 - Unknown / Unidentified,9,266,Sep
1742,2013,2013-09-23 00:00:00,209.502,5 - Debris,9,266,Sep
1574,2011,2011-09-23 00:00:00,132.5602,1 - Lightning,9,266,Sep
827,1949,1949-09-23 00:00:00,125.514,3 - Smoking,9,266,Sep
1567,2011,2011-09-23 00:00:00,408.6696,1 - Lightning,9,266,Sep
927,1968,1968-09-23 00:00:00,1690.197,9 - Miscellaneous,9,267,Sep
939,1972,1972-09-23 00:00:00,582.4691,9 - Miscellaneous,9,267,Sep
1536,2011,2011-09-24 00:00:00,541.4962,9 - Miscellaneous,9,267,Sep
1727,2013,2013-09-24 00:00:00,123.3818,9 - Miscellaneous,9,267,Sep
1622,2011,2011-09-24 00:00:00,114.4146,9 - Miscellaneous,9,267,Sep
1514,2011,2011-09-25 00:00:00,1045.609,1 - Lightning,9,268,Sep
35,2017,2017-09-25 00:00:00,2661.415,9 - Miscellaneous,9,268,Sep
937,1972,1972-09-24 00:00:00,195.5598,3 - Smoking,9,268,Sep
25,2017,2017-09-25 00:00:00,147.8375,2 - Equipment Use,9,268,Sep
117,2017,2017-09-25 00:00:00,18913.58,1 - Lightning,9,268,Sep
14,2017,2017-09-26 00:00:00,105.6661,2 - Equipment Use,9,269,Sep
1093,2005,2005-09-26 00:00:00,477.191,1 - Lightning,9,269,Sep
828,1949,1949-09-26 00:00:00,1464.517,3 - Smoking,9,269,Sep
1955,2016,2106-09-26 00:00:00,930.5065,10 - Vehicle,9,269,Sep
1092,2005,2005-09-26 00:00:00,1057.319,1 - Lightning,9,269,Sep
1029,1996,1996-09-26 00:00:00,943.3175,7 - Arson,9,270,Sep
1983,2016,2016-09-26 00:00:00,248.3702,9 - Miscellaneous,9,270,Sep
1471,2009,2009-09-27 00:00:00,289.2485,9 - Miscellaneous,9,270,Sep
126,2017,2017-09-27 00:00:00,113.0544,7 - Arson,9,270,Sep
162,2017,2017-09-28 00:00:00,147.0237,1 - Lightning,9,271,Sep
490,1921,1921-09-28 00:00:00,5324.174,14 - Unknown / Unidentified,9,271,Sep
949,1974,1974-09-29 00:00:00,1386.385,14 - Unknown / Unidentified,9,272,Sep
27,2017,2017-09-29 00:00:00,429.7042,10 - Vehicle,9,272,Sep
986,1987,1987-09-29 00:00:00,2040.261,9 - Miscellaneous,9,272,Sep
1394,2008,2008-09-28 00:00:00,917.9686,1 - Lightning,9,272,Sep
1403,2009,2009-09-30 00:00:00,562.13,11 - Powerline,9,273,Sep
388,1917,1917-10-01 00:00:00,127.8194,14 - Unknown / Unidentified,10,274,Oct
1675,2012,2012-10-01 00:00:00,194.576,11 - Powerline,10,275,Oct
790,1941,1941-10-02 00:00:00,2791.889,14 - Unknown / Unidentified,10,275,Oct
54,2017,2017-10-02 00:00:00,125.7918,14 - Unknown / Unidentified,10,275,Oct
1411,2009,2009-10-03 00:00:00,7237.873,9 - Miscellaneous,10,276,Oct
1488,2010,2010-10-03 00:00:00,143.6677,1 - Lightning,10,276,Oct
988,1987,1987-10-03 00:00:00,15581.67,5 - Debris,10,276,Oct
1418,2009,2009-10-03 00:00:00,148.0109,2 - Equipment Use,10,276,Oct
874,1955,1955-10-04 00:00:00,293.3363,1 - Lightning,10,277,Oct
485,1921,1921-10-04 00:00:00,273.4315,9 - Miscellaneous,10,277,Oct
1748,2013,2013-10-05 00:00:00,2229.46,14 - Unknown / Unidentified,10,278,Oct
1995,2016,2016-10-04 00:00:00,2614.712,1 - Lightning,10,278,Oct
864,1953,1953-10-05 00:00:00,225.9919,14 - Unknown / Unidentified,10,278,Oct
1106,2006,2006-10-07 00:00:00,394.4654,14 - Unknown / Unidentified,10,280,Oct
1416,2009,2009-10-07 00:00:00,2831.125,9 - Miscellaneous,10,280,Oct
1855,2014,2014-10-07 00:00:00,312.2894,14 - Unknown / Unidentified,10,280,Oct
59,2017,2017-10-08 00:00:00,106.0054,14 - Unknown / Unidentified,10,281,Oct
173,2017,2017-10-08 00:00:00,16140.8,14 - Unknown / Unidentified,10,281,Oct
159,2017,2017-10-08 00:00:00,8415.803,11 - Powerline,10,281,Oct
178,2017,2017-10-08 00:00:00,36522.95,14 - Unknown / Unidentified,10,281,Oct
56,2017,2017-10-08 00:00:00,55798.19,14 - Unknown / Unidentified,10,281,Oct
57,2017,2017-10-08 00:00:00,791.8881,14 - Unknown / Unidentified,10,281,Oct
58,2017,2017-10-08 00:00:00,1657.369,14 - Unknown / Unidentified,10,281,Oct
39,2017,2017-10-08 00:00:00,820.6441,14 - Unknown / Unidentified,10,281,Oct
60,2017,2017-10-08 00:00:00,36701.98,14 - Unknown / Unidentified,10,281,Oct
61,2017,2017-10-08 00:00:00,17359.33,14 - Unknown / Unidentified,10,281,Oct
62,2017,2017-10-08 00:00:00,51624.66,14 - Unknown / Unidentified,10,281,Oct
1838,2014,2014-10-08 00:00:00,458.9755,14 - Unknown / Unidentified,10,281,Oct
163,2017,2017-10-09 00:00:00,153.5117,11 - Powerline,10,282,Oct
1486,2010,2010-10-09 00:00:00,111.8237,14 - Unknown / Unidentified,10,282,Oct
7,2017,2017-10-09 00:00:00,130.2357,11 - Powerline,10,282,Oct
36,2017,2017-10-09 00:00:00,9198.028,5 - Debris,10,282,Oct
1417,2009,2009-10-09 00:00:00,289.5978,14 - Unknown / Unidentified,10,282,Oct
63,2017,2017-10-09 00:00:00,2206.23,14 - Unknown / Unidentified,10,282,Oct
1131,2006,2006-10-10 00:00:00,233.0202,1 - Lightning,10,283,Oct
834,1950,1950-10-11 00:00:00,201.3714,9 - Miscellaneous,10,284,Oct
1128,2006,2006-10-11 00:00:00,925.7054,9 - Miscellaneous,10,284,Oct
1302,2008,2008-10-10 00:00:00,233.1021,10 - Vehicle,10,284,Oct
1967,2016,2016-10-11 00:00:00,101.4958,14 - Unknown / Unidentified,10,285,Oct
2012,2016,2016-10-11 00:00:00,2099.057,9 - Miscellaneous,10,285,Oct
1674,2012,2012-10-11 00:00:00,141.7717,2 - Equipment Use,10,285,Oct
1359,2008,2008-10-12 00:00:00,4573.801,14 - Unknown / Unidentified,10,286,Oct
1884,2015,2015-10-13 00:00:00,901.9863,2 - Equipment Use,10,286,Oct
950,1975,1975-10-14 00:00:00,139.1148,14 - Unknown / Unidentified,10,287,Oct
111,2017,2017-10-14 00:00:00,147.5612,5 - Debris,10,287,Oct
975,1985,1985-10-14 00:00:00,155.9798,14 - Unknown / Unidentified,10,287,Oct
690,1932,1932-10-14 00:00:00,1210.264,14 - Unknown / Unidentified,10,288,Oct
838,1950,1950-10-15 00:00:00,988.42,14 - Unknown / Unidentified,10,288,Oct
2000,2016,2016-10-14 00:00:00,175.3267,9 - Miscellaneous,10,288,Oct
691,1932,1932-10-14 00:00:00,1075.554,14 - Unknown / Unidentified,10,288,Oct
164,2017,2017-10-16 00:00:00,317.201,7 - Arson,10,289,Oct
1041,1999,1999-10-16 00:00:00,12324.31,9 - Miscellaneous,10,289,Oct
930,1970,1970-10-17 00:00:00,356.5763,4 - Campfire,10,290,Oct
1669,2012,2012-10-18 00:00:00,313.9962,11 - Powerline,10,292,Oct
1892,2015,2015-10-20 00:00:00,160.7299,1 - Lightning,10,293,Oct
1281,2007,2007-10-21 00:00:00,3838.895,11 - Powerline,10,294,Oct
1213,2007,2007-10-21 00:00:00,808.8292,11 - Powerline,10,294,Oct
1986,2016,2016-10-20 00:00:00,1704.502,9 - Miscellaneous,10,294,Oct
1259,2007,2007-10-21 00:00:00,38347.47,8 - Playing with fire,10,294,Oct
1278,2007,2007-10-21 00:00:00,90728.33,14 - Unknown / Unidentified,10,294,Oct
1265,2007,2007-10-21 00:00:00,162070.5,9 - Miscellaneous,10,294,Oct
1221,2007,2007-10-22 00:00:00,12769.25,9 - Miscellaneous,10,295,Oct
1242,2007,2007-10-23 00:00:00,602.2324,11 - Powerline,10,296,Oct
1248,2007,2007-10-23 00:00:00,194.8853,6 - Railroad,10,296,Oct
1287,2008,2008-10-22 00:00:00,324.4346,8 - Playing with fire,10,296,Oct
733,1935,1935-10-25 00:00:00,708.7957,14 - Unknown / Unidentified,10,298,Oct
1415,2009,2009-10-25 00:00:00,669.3967,14 - Unknown / Unidentified,10,298,Oct
692,1932,1932-10-24 00:00:00,147.819,14 - Unknown / Unidentified,10,298,Oct
1198,2006,2006-10-26 00:00:00,40176.8,7 - Arson,10,299,Oct
1080,2003,2003-10-26 00:00:00,278.7794,18 - Escaped Prescribed Burn,10,299,Oct
141,2017,2017-10-26 00:00:00,866.273,10 - Vehicle,10,299,Oct
1053,2001,2001-10-27 00:00:00,579.2594,4 - Campfire,10,300,Oct
422,1918,1918-10-27 00:00:00,231.8241,14 - Unknown / Unidentified,10,300,Oct
1097,2005,2005-10-27 00:00:00,361.3871,1 - Lightning,10,300,Oct
1490,2010,2010-10-28 00:00:00,1219.537,11 - Powerline,10,301,Oct
1425,2009,2009-10-29 00:00:00,236.9551,14 - Unknown / Unidentified,10,302,Oct
1284,2007,2007-10-29 00:00:00,239.2608,1 - Lightning,10,302,Oct
1229,2007,2007-10-29 00:00:00,596.9159,1 - Lightning,10,302,Oct
891,1959,1959-10-30 00:00:00,287.9115,11 - Powerline,10,303,Oct
3,2017,2017-10-30 00:00:00,194.0017,10 - Vehicle,10,303,Oct
1996,2016,2016-10-29 00:00:00,2767.803,1 - Lightning,10,303,Oct
1994,2016,2016-10-29 00:00:00,4346.275,1 - Lightning,10,303,Oct
922,1967,1967-11-01 00:00:00,299.8882,16 - Aircraft,11,305,Nov
1084,2004,2004-11-02 00:00:00,130.8606,5 - Debris,11,307,Nov
814,1946,1946-11-06 00:00:00,179.9743,14 - Unknown / Unidentified,11,310,Nov
954,1976,1976-11-05 00:00:00,475.3863,7 - Arson,11,310,Nov
1285,2007,2007-11-08 00:00:00,1106.248,1 - Lightning,11,312,Nov
1653,2012,2012-11-08 00:00:00,136.8997,2 - Equipment Use,11,313,Nov
1057,2001,2001-11-10 00:00:00,142.2826,9 - Miscellaneous,11,314,Nov
1335,2008,2008-11-13 00:00:00,1946.342,4 - Campfire,11,318,Nov
1358,2008,2008-11-14 00:00:00,11260.19,14 - Unknown / Unidentified,11,319,Nov
1182,2006,2006-11-18 00:00:00,213.4518,4 - Campfire,11,322,Nov
1753,2013,2013-11-23 00:00:00,304.9261,2 - Equipment Use,11,327,Nov
1062,2002,2002-11-25 00:00:00,355.8457,5 - Debris,11,329,Nov
952,1976,1976-11-26 00:00:00,187.3974,5 - Debris,11,331,Nov
166,2017,2017-11-29 00:00:00,325.5135,10 - Vehicle,11,333,Nov
1539,2011,2011-12-01 00:00:00,101.2743,5 - Debris,12,335,Dec
1541,2011,2011-12-01 00:00:00,342.9043,9 - Miscellaneous,12,335,Dec
1621,2011,2011-12-01 00:00:00,698.1445,5 - Debris,12,335,Dec
1157,2006,2006-12-03 00:00:00,128.578,14 - Unknown / Unidentified,12,337,Dec
131,2017,2017-12-04 00:00:00,281790.9,9 - Miscellaneous,12,338,Dec
67,2017,2017-12-05 00:00:00,15619.15,14 - Unknown / Unidentified,12,339,Dec
68,2017,2017-12-05 00:00:00,6047.719,14 - Unknown / Unidentified,12,339,Dec
85,2017,2017-12-06 00:00:00,371.3076,4 - Campfire,12,340,Dec
1110,2006,2006-12-07 00:00:00,4025.012,10 - Vehicle,12,341,Dec
40,2017,2017-12-07 00:00:00,4080.615,14 - Unknown / Unidentified,12,341,Dec
1113,2006,2006-12-08 00:00:00,301.5148,11 - Powerline,12,342,Dec
540,1923,1923-12-09 00:00:00,162.0936,14 - Unknown / Unidentified,12,343,Dec
851,1953,1953-12-12 00:00:00,6867.87,14 - Unknown / Unidentified,12,346,Dec
1745,2013,2013-12-16 00:00:00,913.963,9 - Miscellaneous,12,350,Dec
1887,2015,2015-12-25 00:00:00,1287.388,11 - Powerline,12,359,Dec
866,1954,1954-12-27 00:00:00,13869.62,14 - Unknown / Unidentified,12,361,Dec
848,1953,1953-12-27 00:00:00,14061.26,14 - Unknown / Unidentified,12,361,Dec
904,1960,1960-12-27 00:00:00,249.7184,5 - Debris,12,362,Dec
